motif_id	motif_alt_id	sequence_name	start	stop	strand	score	p-value	q-value	matched_sequence
EXPREG_00000d10	CcpA_C.difficile	Anoxybacillus_flavithermus|Aflv2009	236	251	+	22.619	9.69e-10	0.000142	AAGAAAACGTTTTCTT
EXPREG_00000d10	CcpA_C.difficile	Lactobacillus_salivarius|LSL0110	359	374	+	22.619	9.69e-10	0.000142	AAGAAAACGTTTTCTT
EXPREG_00000d10	CcpA_C.difficile	Clostridioides_difficile|CD63022410	201	216	+	20.8452	1.58e-08	0.00132	AAGAAAAAGTTTTCAT
EXPREG_00000d10	CcpA_C.difficile	Bacillus_thuringiensis|BMB171C3681	224	239	+	20.5357	2.24e-08	0.00132	AAGAAAACGTTTGCAT
EXPREG_00000d10	CcpA_C.difficile	Bacillus_anthracis|BF25RS04795	224	239	+	20.5357	2.24e-08	0.00132	AAGAAAACGTTTGCAT
EXPREG_00000d10	CcpA_C.difficile	Enterococcus_faecalis|EF1929	241	256	+	20.1071	3.65e-08	0.0014	AAGAAAACGATTTCAA
EXPREG_00000d10	CcpA_C.difficile	Clostridioides_difficile|CD63036640	72	87	+	20.0357	4.14e-08	0.0014	AAGAAAACATTTTCAT
EXPREG_00000d10	CcpA_C.difficile	Pediococcus_pentosaceus|PEPE0288	83	98	+	20.0357	4.14e-08	0.0014	AAGATAACGTTTTCAA
EXPREG_00000d10	CcpA_C.difficile	Lactococcus_lactis|llmg1724	79	94	+	20.0238	4.34e-08	0.0014	AAGAAAATGTTTTCAA
EXPREG_00000d10	CcpA_C.difficile	Streptococcus_pyogenes|M5005Spy0185	45	60	+	19.7381	5.74e-08	0.0014	TAGAAAAGGTTATCAT
EXPREG_00000d10	CcpA_C.difficile	Streptococcus_dysgalactiae|SDEG1988	190	205	+	19.7381	5.74e-08	0.0014	TAGAAAAGGTTATCAT
EXPREG_00000d10	CcpA_C.difficile	Streptococcus_pyogenes|L89701095	200	215	+	19.7381	5.74e-08	0.0014	TAGAAAAGGTTATCAT
EXPREG_00000d10	CcpA_C.difficile	Streptococcus_suis|SSU1849	104	119	+	19.6429	6.28e-08	0.00142	AAGAAAACGTTTGCAA
EXPREG_00000d10	CcpA_C.difficile	Bacillus_anthracis|BF25RS04800	82	97	+	19.5714	7.04e-08	0.00148	AATAAAACGTTTTCAT
EXPREG_00000d10	CcpA_C.difficile	Bacillus_anthracis|BF25RS04615	122	137	+	19.1905	1.02e-07	0.002	AAGAAAACGTTTGCCT
EXPREG_00000d10	CcpA_C.difficile	Lactobacillus_salivarius|LSL0381	128	143	+	19.119	1.14e-07	0.00208	AATAAAACGTTTTCTT
EXPREG_00000d10	CcpA_C.difficile	Clostridium_botulinum|CBO0345	226	241	+	18.8452	1.45e-07	0.00251	AAGAAAAGGTTAACAT
EXPREG_00000d10	CcpA_C.difficile	Streptococcus_suis|SSU0515	11	26	+	18.6905	1.74e-07	0.00273	AAGATAACGTTTTCCA
EXPREG_00000d10	CcpA_C.difficile	Streptococcus_suis|SSU0249	33	48	+	18.6786	1.77e-07	0.00273	GAGTAAACGTTTTCTT
EXPREG_00000d10	CcpA_C.difficile	Streptococcus_suis|SSU0329	102	117	+	18.4048	2.28e-07	0.00293	AAGAAAACGATTACAA
EXPREG_00000d10	CcpA_C.difficile	Lactobacillus_sakei|C021303415	114	129	+	18.3929	2.33e-07	0.00293	AAGAAAACGTATTCAT
EXPREG_00000d10	CcpA_C.difficile	Streptococcus_mitis|smi1160	68	83	+	18.3571	2.38e-07	0.00293	GAAAAAACGTTATCTT
EXPREG_00000d10	CcpA_C.difficile	Streptococcus_pneumoniae|SPD1010	69	84	+	18.3571	2.38e-07	0.00293	GAAAAAACGTTATCTT
EXPREG_00000d10	CcpA_C.difficile	Streptococcus_suis|SSU1618	36	51	+	18.3452	2.39e-07	0.00293	TAGTAAACGTTTTCTT
EXPREG_00000d10	CcpA_C.difficile	Streptococcus_intermedius|SCIMRS08715	28	43	+	18.2262	2.72e-07	0.00319	AATAAAACGTTTTCTA
EXPREG_00000d10	CcpA_C.difficile	Lactobacillus_brevis|LVIS1203	89	104	+	18.0595	3.12e-07	0.00346	TCGAAAACGTTTTCAA
EXPREG_00000d10	CcpA_C.difficile	Lactococcus_lactis|llmg0446	163	178	+	17.881	3.73e-07	0.00346	TAGAAAACGTTTACAG
EXPREG_00000d10	CcpA_C.difficile	Streptococcus_mitis|smi0304	97	112	+	17.869	3.78e-07	0.00346	TATAAAACGTTTTCAA
EXPREG_00000d10	CcpA_C.difficile	Streptococcus_pneumoniae|SPD1774	98	113	+	17.869	3.78e-07	0.00346	TATAAAACGTTTTCAA
EXPREG_00000d10	CcpA_C.difficile	Streptococcus_anginosus|SanJ42110470	139	154	+	17.869	3.78e-07	0.00346	TATAAAACGTTTTCAA
EXPREG_00000d10	CcpA_C.difficile	Paenibacillus_polymyxa|PPSQR21021310	139	154	+	17.869	3.78e-07	0.00346	TATAAAACGTTTTCAA
EXPREG_00000d10	CcpA_C.difficile	Oenococcus_oeni|OEOE0349	304	319	+	17.869	3.78e-07	0.00346	AATAAAACGTTTACAT
EXPREG_00000d10	CcpA_C.difficile	Clostridioides_difficile|CD63032440	136	151	+	17.8452	3.9e-07	0.00346	GAGAAAATGTTTACAA
EXPREG_00000d10	CcpA_C.difficile	Clostridioides_difficile|CD63026250	321	336	+	17.7857	4.1e-07	0.00354	AGGATAACGTTATCAT
EXPREG_00000d10	CcpA_C.difficile	Streptococcus_thermophilus|str1112	232	247	+	17.619	4.71e-07	0.00384	TGAAAAACGTTTTCTT
EXPREG_00000d10	CcpA_C.difficile	Streptococcus_suis|SSU1581	252	267	+	17.619	4.71e-07	0.00384	AAAATAACGTTTTCAA
EXPREG_00000d10	CcpA_C.difficile	Streptococcus_gordonii|SGO0297	141	156	+	17.5357	5.05e-07	0.004	AAGAAAAGGTTTACAG
EXPREG_00000d10	CcpA_C.difficile	Streptococcus_equi|Sez0203	126	141	+	17.381	5.9e-07	0.00456	TAGAAAAGGTTATGAT
EXPREG_00000d10	CcpA_C.difficile	Clostridioides_difficile|CD63023270	476	491	+	17.3333	6.13e-07	0.00461	GGGAAAACATTTTCTT
EXPREG_00000d10	CcpA_C.difficile	Clostridium_beijerinckii|Cbei3880	244	259	+	17.1786	6.91e-07	0.00507	AAGATAAGGTTTACAA
EXPREG_00000d10	CcpA_C.difficile	Streptococcus_agalactiae|SAG1727	110	125	+	17.131	7.22e-07	0.00514	GCGAAAACGTTTACTT
EXPREG_00000d10	CcpA_C.difficile	Geobacillus_kaustophilus|GK2806	114	129	+	17.0833	7.48e-07	0.00514	GAGAAATGGTTTTCAA
EXPREG_00000d10	CcpA_C.difficile	Clostridium_perfringens|CPF2863	181	196	+	17.0714	7.6e-07	0.00514	AAGAAAACGTTTTTTT
EXPREG_00000d10	CcpA_C.difficile	Streptococcus_intermedius|SCIMRS03985	95	110	+	17.0357	7.91e-07	0.00514	AAGAAAACGTTTCCCA
EXPREG_00000d10	CcpA_C.difficile	Streptococcus_pneumoniae|SPD1415	96	111	+	17.0357	7.91e-07	0.00514	TAGAAAGCGTTTTCAT
EXPREG_00000d10	CcpA_C.difficile	Staphylococcus_aureus|SAOUHSC01850	48	63	+	16.9762	8.3e-07	0.00514	AATAAAACGTTTACAA
EXPREG_00000d10	CcpA_C.difficile	Lactobacillus_salivarius|LSL1287	148	163	+	16.9762	8.3e-07	0.00514	AATAAAACGTTTACAA
EXPREG_00000d10	CcpA_C.difficile	Bacillus_amyloliquefaciens|BAXH704029	87	102	+	16.9524	8.51e-07	0.00514	AAGAAAGCGTTTTCAA
EXPREG_00000d10	CcpA_C.difficile	Clostridium_botulinum|CBO1241	356	371	+	16.9167	8.74e-07	0.00514	GGGAAAACGTTAGCAT
EXPREG_00000d10	CcpA_C.difficile	Clostridium_perfringens|CPF1925	161	176	+	16.881	9.02e-07	0.00514	AGGAAAACGTTAACTA
EXPREG_00000d10	CcpA_C.difficile	Clostridioides_difficile|CD63027020	25	40	+	16.8571	9.23e-07	0.00514	GGGAAAACGTTAACAA
EXPREG_00000d10	CcpA_C.difficile	Streptococcus_anginosus|SanJ42111657c	224	239	+	16.8571	9.23e-07	0.00514	TAGAAAACGTTTTATA
EXPREG_00000d10	CcpA_C.difficile	Lactobacillus_helveticus|lhv0789	35	50	+	16.8452	9.29e-07	0.00514	AAGAAAAGGGTTTCAT
EXPREG_00000d10	CcpA_C.difficile	Lactobacillus_pentosus|BB56202700	162	177	+	16.7738	9.78e-07	0.00531	TAGAAAACTTTATCAA
EXPREG_00000d10	CcpA_C.difficile	Streptococcus_gordonii|SGO0526	411	426	+	16.6548	1.07e-06	0.00568	GAAAAAATGTTATCAT
EXPREG_00000d10	CcpA_C.difficile	Streptococcus_mitis|smi0134	209	224	+	16.6429	1.08e-06	0.00568	GAGAAAACGATTGCCT
EXPREG_00000d10	CcpA_C.difficile	Streptococcus_thermophilus|str1631	87	102	+	16.619	1.11e-06	0.00571	AAGAAAACGATTACAG
EXPREG_00000d10	CcpA_C.difficile	Streptococcus_pneumoniae|SPD1978	130	145	+	16.5833	1.15e-06	0.0058	TAGAAAGCGTTTTCTT
EXPREG_00000d10	CcpA_C.difficile	Bacillus_anthracis|BF25RS16205	212	227	+	16.5	1.23e-06	0.00609	AAGAAAGCGTTTTCTA
EXPREG_00000d10	CcpA_C.difficile	Streptococcus_suis|SSU0688	437	452	+	16.4762	1.26e-06	0.00609	AAGAAAGCGTTATCAT
EXPREG_00000d10	CcpA_C.difficile	Clostridium_perfringens|CPF1512	116	131	+	16.4643	1.27e-06	0.00609	AAGAAAAAATTTTCTA
EXPREG_00000d10	CcpA_C.difficile	Bacillus_megaterium|BMD1876	178	193	+	16.3214	1.42e-06	0.00666	ATGATAACGTTTTCTT
EXPREG_00000d10	CcpA_C.difficile	Streptococcus_suis|SSU0248	94	109	+	16.3095	1.43e-06	0.00666	AAGAAAACGTTTACTC
EXPREG_00000d10	CcpA_C.difficile	Clostridium_beijerinckii|Cbei0596	293	308	+	16.2738	1.47e-06	0.00674	TAAAAAAAGTTTTCCT
EXPREG_00000d10	CcpA_C.difficile	Clostridioides_difficile|CD63028840	14	29	+	16.2381	1.52e-06	0.00687	ATGAAAAAGTTTTCTT
EXPREG_00000d10	CcpA_C.difficile	Lactobacillus_casei|LCABL28880	420	435	+	16.1786	1.58e-06	0.00698	AAGTAAACGTTTGCAA
EXPREG_00000d10	CcpA_C.difficile	Bacillus_megaterium|BMD4885	4	19	+	16.1548	1.62e-06	0.00698	TAAAAAAGGTTTGCAT
EXPREG_00000d10	CcpA_C.difficile	Streptococcus_lutetiensis|KE3RS03360	225	240	+	16.1548	1.62e-06	0.00698	AGGAAAACGTTTCCTA
EXPREG_00000d10	CcpA_C.difficile	Bacillus_megaterium|BMD2086	145	160	+	16.119	1.67e-06	0.00708	AAGAAAACCTTTACAT
EXPREG_00000d10	CcpA_C.difficile	Streptococcus_gordonii|SGO1649	261	276	+	16.0833	1.72e-06	0.0072	TATAAAACGTTTTCAG
EXPREG_00000d10	CcpA_C.difficile	Lactobacillus_johnsonii|LJ0635	362	377	+	16.0238	1.8e-06	0.00744	AGGAAAAGTTTTTCAA
EXPREG_00000d10	CcpA_C.difficile	Enterococcus_faecalis|EF1961	40	55	+	15.9643	1.89e-06	0.00769	AAAAAAATGTTTGCAT
EXPREG_00000d10	CcpA_C.difficile	Streptococcus_suis|SSU1850	291	306	+	15.9286	1.93e-06	0.00774	AAGAAAACGTTTGCAC
EXPREG_00000d10	CcpA_C.difficile	Streptococcus_agalactiae|SAG0273	84	99	+	15.8929	1.98e-06	0.0078	AAGAAAACGCTTACTT
EXPREG_00000d10	CcpA_C.difficile	Bacillus_thuringiensis|BMB171C3713	124	139	+	15.881	2e-06	0.0078	ACGAAAACGTTTGCCT
EXPREG_00000d10	CcpA_C.difficile	Clostridioides_difficile|CD63014770	270	285	+	15.869	2.02e-06	0.0078	AAGATAACGATTGCTT
EXPREG_00000d10	CcpA_C.difficile	Staphylococcus_aureus|SAOUHSC00187	529	544	+	15.8452	2.05e-06	0.00783	ATGAAAACGTTAACAT
EXPREG_00000d10	CcpA_C.difficile	Streptococcus_gallolyticus|GALLO2175	115	130	+	15.8214	2.09e-06	0.00787	TGGAAAACGATTACAA
EXPREG_00000d10	CcpA_C.difficile	Streptococcus_equi|Sez0568	90	105	+	15.7976	2.13e-06	0.00793	AAGAAAACGTATACAA
EXPREG_00000d10	CcpA_C.difficile	Enterococcus_faecalis|EF0938	126	141	+	15.7024	2.3e-06	0.00814	AAGATAGCGTTTTCAT
EXPREG_00000d10	CcpA_C.difficile	Streptococcus_pyogenes|L89707865	129	144	+	15.6786	2.34e-06	0.00814	GGGAAAACGTTTCCTA
EXPREG_00000d10	CcpA_C.difficile	Streptococcus_dysgalactiae|SDEG1897	129	144	+	15.6786	2.34e-06	0.00814	GGGAAAACGTTTCCTA
EXPREG_00000d10	CcpA_C.difficile	Streptococcus_pyogenes|M5005Spy1569	129	144	+	15.6786	2.34e-06	0.00814	GGGAAAACGTTTCCTA
EXPREG_00000d10	CcpA_C.difficile	Streptococcus_gordonii|SGO1857	39	54	+	15.6667	2.36e-06	0.00814	TAGTAAACGTTTTCTG
EXPREG_00000d10	CcpA_C.difficile	Bacillus_subtilis|BSU29740	71	86	+	15.6667	2.36e-06	0.00814	AAGTATACGTTTTCAT
EXPREG_00000d10	CcpA_C.difficile	Lactococcus_lactis|llmg1734	45	60	+	15.6548	2.39e-06	0.00814	TGGAAAAGTTTTTCTT
EXPREG_00000d10	CcpA_C.difficile	Clostridium_kluyveri|CKL3619	80	95	+	15.6071	2.48e-06	0.00825	TAGAATACGTTATCCT
EXPREG_00000d10	CcpA_C.difficile	Lactobacillus_sakei|C021303670	132	147	+	15.6071	2.48e-06	0.00825	AAGGAAACGTTTTCCA
EXPREG_00000d10	CcpA_C.difficile	Clostridioides_difficile|CD63019350	47	62	+	15.5833	2.52e-06	0.00825	AAATAAAGGTTTTCTT
EXPREG_00000d10	CcpA_C.difficile	Streptococcus_gallolyticus|GALLO1958	5	20	+	15.5476	2.59e-06	0.00825	AAGTAAACGTTTTAAT
EXPREG_00000d10	CcpA_C.difficile	Streptococcus_mutans|SMU396	15	30	+	15.5476	2.59e-06	0.00825	AAGTAAACGTTTTAAT
EXPREG_00000d10	CcpA_C.difficile	Streptococcus_lutetiensis|KE3RS08700	20	35	+	15.5476	2.59e-06	0.00825	AAGTAAACGTTTTAAT
EXPREG_00000d10	CcpA_C.difficile	Streptococcus_pneumoniae|SPD0250	348	363	+	15.5119	2.66e-06	0.00836	AAGAAAACGCTTGCAT
EXPREG_00000d10	CcpA_C.difficile	Clostridium_perfringens|CPF2652	276	291	+	15.5	2.68e-06	0.00836	TTGAAAATGTTTTCTT
EXPREG_00000d10	CcpA_C.difficile	Streptococcus_intermedius|SCIMRS06190	485	500	+	15.4524	2.77e-06	0.00854	AAGAAAACGCTTACAA
EXPREG_00000d10	CcpA_C.difficile	Streptococcus_uberis|SUB1312	157	172	+	15.4048	2.87e-06	0.00868	AAGAAAACGGTTACAA
EXPREG_00000d10	CcpA_C.difficile	Streptococcus_dysgalactiae|SDEG1537	217	232	+	15.4048	2.87e-06	0.00868	AAGAAAACGGTTACAA
EXPREG_00000d10	CcpA_C.difficile	Streptococcus_dysgalactiae|SDEG0061	112	127	+	15.369	2.95e-06	0.00883	AAGAAAACGCTTTCAG
EXPREG_00000d10	CcpA_C.difficile	Clostridioides_difficile|CD63005800	254	269	+	15.3571	2.98e-06	0.00884	AGAAAAACGTTAACTT
EXPREG_00000d10	CcpA_C.difficile	Lactobacillus_reuteri|LAR1450	96	111	+	15.2857	3.14e-06	0.00912	AAAATAAGGATTTCAT
EXPREG_00000d10	CcpA_C.difficile	Bacillus_megaterium|BMD4485	132	147	+	15.2857	3.14e-06	0.00912	TAGAAAAGTTTTACAA
EXPREG_00000d10	CcpA_C.difficile	Clostridium_acetobutylicum|CAC2847	290	305	+	15.2619	3.2e-06	0.00921	AAGAAAAGGTTTAAAA
EXPREG_00000d10	CcpA_C.difficile	Bacillus_subtilis|BSU38810	87	102	+	15.25	3.24e-06	0.00922	AAGAAAGCGTTTACAA
EXPREG_00000d10	CcpA_C.difficile	Leuconostoc_mesenteroides|LEUM0962	216	231	+	15.2143	3.32e-06	0.00936	AAGAAATTGTTTTCCA
EXPREG_00000d10	CcpA_C.difficile	Bacillus_licheniformis|BLi04252	307	322	+	15.131	3.53e-06	0.00962	TAGAAAACGTTAAAAT
EXPREG_00000d10	CcpA_C.difficile	Bacillus_licheniformis|B14RS01165	314	329	+	15.131	3.53e-06	0.00962	TAGAAAACGTTAAAAT
EXPREG_00000d10	CcpA_C.difficile	Anoxybacillus_flavithermus|Aflv2303	10	25	+	15.0952	3.61e-06	0.00962	CCGAAAACGTTTTCTT
EXPREG_00000d10	CcpA_C.difficile	Pediococcus_pentosaceus|PEPE0077	334	349	+	15.0952	3.61e-06	0.00962	CCGAAAACGTTTTCTT
EXPREG_00000d10	CcpA_C.difficile	Bacillus_licheniformis|BLi02652	138	153	+	15.0595	3.71e-06	0.00962	ATGAAAATGTTTACAT
EXPREG_00000d10	CcpA_C.difficile	Bacillus_licheniformis|B14RS09035	139	154	+	15.0595	3.71e-06	0.00962	ATGAAAATGTTTACAT
EXPREG_00000d10	CcpA_C.difficile	Bacillus_subtilis|BSU24780	160	175	+	15.0595	3.71e-06	0.00962	ATGAAAATGTTTACAT
EXPREG_00000d10	CcpA_C.difficile	Bacillus_amyloliquefaciens|BAXH702599	163	178	+	15.0595	3.71e-06	0.00962	ATGAAAATGTTTACAT
EXPREG_00000d10	CcpA_C.difficile	Streptococcus_mitis|smi1848	379	394	+	15.0357	3.77e-06	0.00962	GAGAAAACGCTTGCAT
EXPREG_00000d10	CcpA_C.difficile	Streptococcus_mitis|smi1417	22	37	+	15.0238	3.79e-06	0.00962	TGGAAAAGGATTTCCA
EXPREG_00000d10	CcpA_C.difficile	Clostridium_perfringens|CPF0177	228	243	+	15	3.86e-06	0.00962	GGGAAAAGGATTACAA
EXPREG_00000d10	CcpA_C.difficile	Streptococcus_dysgalactiae|SDEG1742	310	325	+	15	3.86e-06	0.00962	AAGAAAACGCTTACTA
EXPREG_00000d10	CcpA_C.difficile	Streptococcus_dysgalactiae|SDEG0544	91	106	+	14.9881	3.9e-06	0.00962	TTGAAAAAGTTTTCAA
EXPREG_00000d10	CcpA_C.difficile	Streptococcus_pyogenes|L89702305	91	106	+	14.9881	3.9e-06	0.00962	TTGAAAAAGTTTTCAA
EXPREG_00000d10	CcpA_C.difficile	Streptococcus_pyogenes|M5005Spy0423	91	106	+	14.9881	3.9e-06	0.00962	TTGAAAAAGTTTTCAA
EXPREG_00000d10	CcpA_C.difficile	Bacillus_subtilis|BSU14380	251	266	+	14.9762	3.94e-06	0.00964	ATGAATACGTTTTCAT
EXPREG_00000d10	CcpA_C.difficile	Clostridium_perfringens|CPF1464	4	19	+	14.9167	4.11e-06	0.00997	AAGATAAGATTATCTT
EXPREG_00000d10	CcpA_C.difficile	Streptococcus_intermedius|SCIMRS03750	152	167	+	14.9048	4.15e-06	0.00998	AAGAAAAATTTATCTA
EXPREG_00000d10	CcpA_C.difficile	Streptococcus_pneumoniae|SPD1418	5	20	+	14.8095	4.45e-06	0.0105	AGGAAAATGATATCAA
EXPREG_00000d10	CcpA_C.difficile	Bacillus_clausii|ABC2761	50	65	+	14.8095	4.45e-06	0.0105	AAGGTAACGTTTTCAA
EXPREG_00000d10	CcpA_C.difficile	Streptococcus_intermedius|SCIMRS04635	82	97	+	14.7976	4.48e-06	0.0105	ATAAAAACGTTTACAT
EXPREG_00000d10	CcpA_C.difficile	Clostridium_kluyveri|CKL1603	254	269	+	14.7857	4.52e-06	0.0105	GAAATAACGTTTTGAA
EXPREG_00000d10	CcpA_C.difficile	Bacillus_anthracis|BF25RS25460	62	77	+	14.75	4.64e-06	0.0106	AAGATAAGGCTTTCAT
EXPREG_00000d10	CcpA_C.difficile	Bacillus_thuringiensis|BMB171C5067	63	78	+	14.75	4.64e-06	0.0106	AAGATAAGGCTTTCAT
EXPREG_00000d10	CcpA_C.difficile	Lactococcus_lactis|llmg0185	65	80	+	14.7381	4.68e-06	0.0106	ACAAAAATGTTTTCTT
EXPREG_00000d10	CcpA_C.difficile	Streptococcus_mitis|smi0520	110	125	+	14.6905	4.85e-06	0.0108	AAGAAAACGATTACAC
EXPREG_00000d10	CcpA_C.difficile	Streptococcus_pneumoniae|SPD1634	111	126	+	14.6905	4.85e-06	0.0108	AAGAAAACGATTACAC
EXPREG_00000d10	CcpA_C.difficile	Streptococcus_gallolyticus|GALLO1781	24	39	+	14.6786	4.88e-06	0.0108	TAGAAAATGTTATAAT
EXPREG_00000d10	CcpA_C.difficile	Geobacillus_kaustophilus|GK1859	251	266	+	14.6667	4.92e-06	0.0108	TTGAAAACGATATCAT
EXPREG_00000d10	CcpA_C.difficile	Clostridium_perfringens|CPF1512	4	19	+	14.6548	4.96e-06	0.0108	TAGAAAAGAATTTCTA
EXPREG_00000d10	CcpA_C.difficile	Streptococcus_gordonii|SGO1554	231	246	+	14.6429	5e-06	0.0108	TAGAAAACGCTTACAA
EXPREG_00000d10	CcpA_C.difficile	Streptococcus_anginosus|SanJ42110639	491	506	+	14.6429	5e-06	0.0108	TAGAAAACGCTTACAA
EXPREG_00000d10	CcpA_C.difficile	Clostridium_perfringens|CPF0156	448	463	+	14.6071	5.13e-06	0.011	ATGAAAATGTTTACTT
EXPREG_00000d10	CcpA_C.difficile	Streptococcus_pneumoniae|SPD1078	77	92	+	14.5595	5.29e-06	0.0111	ACTAAAACGTTTACAT
EXPREG_00000d10	CcpA_C.difficile	Streptococcus_pyogenes|L89704640	80	95	+	14.5595	5.29e-06	0.0111	TGGAAAAAGTTTTGTA
EXPREG_00000d10	CcpA_C.difficile	Streptococcus_pyogenes|M5005Spy0938	80	95	+	14.5595	5.29e-06	0.0111	TGGAAAAAGTTTTGTA
EXPREG_00000d10	CcpA_C.difficile	Streptococcus_intermedius|SCIMRS08715	95	110	+	14.5357	5.39e-06	0.0112	AAAAAAGCGTTTTCAA
EXPREG_00000d10	CcpA_C.difficile	Streptococcus_pneumoniae|SPD0526	4	19	+	14.5119	5.48e-06	0.0113	GAGAAAGGGTTTACAT
EXPREG_00000d10	CcpA_C.difficile	Streptococcus_mutans|SMU1692	48	63	+	14.5	5.52e-06	0.0113	AGAAAAACGTTTACAG
EXPREG_00000d10	CcpA_C.difficile	Streptococcus_pneumoniae|SPD1034	62	77	+	14.4881	5.57e-06	0.0114	AAGTAAATGATTTCAA
EXPREG_00000d10	CcpA_C.difficile	Streptococcus_intermedius|SCIMRS02410	141	156	+	14.4643	5.67e-06	0.0115	CATAAAACGTTTTCAA
EXPREG_00000d10	CcpA_C.difficile	Lactobacillus_pentosus|BB56216225	25	40	+	14.4405	5.77e-06	0.0116	TAGAAAGCGTTTACAA
EXPREG_00000d10	CcpA_C.difficile	Streptococcus_agalactiae|SAG1216	88	103	+	14.4167	5.86e-06	0.0116	AAGAAATCATTTACTT
EXPREG_00000d10	CcpA_C.difficile	Bacillus_anthracis|BF25RS04795	166	181	+	14.4048	5.9e-06	0.0116	ATGAAAACGTTTTATT
EXPREG_00000d10	CcpA_C.difficile	Bacillus_thuringiensis|BMB171C3681	166	181	+	14.4048	5.9e-06	0.0116	ATGAAAACGTTTTATT
EXPREG_00000d10	CcpA_C.difficile	Clostridium_acetobutylicum|CAC1319	79	94	+	14.3929	5.95e-06	0.0116	GAGTAAACATTTACAT
EXPREG_00000d10	CcpA_C.difficile	Clostridium_botulinum|CBO3215	101	116	+	14.3929	5.95e-06	0.0116	TAGATAAGTTTTTCTA
EXPREG_00000d10	CcpA_C.difficile	Clostridioides_difficile|CD63026000	79	94	+	14.3452	6.17e-06	0.0118	TGGAAATAGTTTTCTT
EXPREG_00000d10	CcpA_C.difficile	Streptococcus_suis|SSU1701	185	200	+	14.3452	6.17e-06	0.0118	AATAAAGCGTTTTCAT
EXPREG_00000d10	CcpA_C.difficile	Streptococcus_pneumoniae|SPD1005	12	27	+	14.3333	6.23e-06	0.0118	AGGAAATTGTTTTCCT
EXPREG_00000d10	CcpA_C.difficile	Lactobacillus_pentosus|BB56215820	303	318	+	14.3333	6.23e-06	0.0118	TTGAAAACGATTACAT
EXPREG_00000d10	CcpA_C.difficile	Streptococcus_anginosus|SanJ42110972	81	96	+	14.3214	6.27e-06	0.0118	GTAAAAACGTTTACAT
EXPREG_00000d10	CcpA_C.difficile	Streptococcus_suis|SSU1369	44	59	+	14.2976	6.37e-06	0.0118	AAGAAAAGGCTTACAA
EXPREG_00000d10	CcpA_C.difficile	Streptococcus_gordonii|SGO0247	136	151	+	14.2976	6.37e-06	0.0118	AAGAAAAGGCTTACAA
EXPREG_00000d10	CcpA_C.difficile	Clostridium_tetani|CTC01977	159	174	+	14.2619	6.54e-06	0.0119	ATTAAAAGGTTTTCAT
EXPREG_00000d10	CcpA_C.difficile	Lactobacillus_johnsonii|LJ0859	92	107	+	14.25	6.58e-06	0.0119	ATGAAAACGATTACAA
EXPREG_00000d10	CcpA_C.difficile	Streptococcus_suis|SSU0260	257	272	+	14.25	6.58e-06	0.0119	AAGAAAACGCTTCCAT
EXPREG_00000d10	CcpA_C.difficile	Paenibacillus_polymyxa|PPSQR21016740	286	301	+	14.25	6.58e-06	0.0119	TTGAAAATGTTTACAT
EXPREG_00000d10	CcpA_C.difficile	Lactobacillus_helveticus|lhv1846	217	232	+	14.2381	6.63e-06	0.0119	AGGAATAAGTTTTCAA
EXPREG_00000d10	CcpA_C.difficile	Streptococcus_intermedius|SCIMRS03755	97	112	+	14.2143	6.73e-06	0.012	TAGATAAATTTTTCTT
EXPREG_00000d10	CcpA_C.difficile	Paenibacillus_polymyxa|PPSQR21008590	4	19	+	14.2024	6.79e-06	0.0121	GTAAAAACGTTATCTT
EXPREG_00000d10	CcpA_C.difficile	Bacillus_thuringiensis|BMB171C1152	68	83	+	14.1905	6.84e-06	0.0121	TTGTAAACGTTTTCTT
EXPREG_00000d10	CcpA_C.difficile	Streptococcus_mitis|smi0695	10	25	+	14.1786	6.91e-06	0.0121	TAGAAAGGGTTTACAT
EXPREG_00000d10	CcpA_C.difficile	Lactobacillus_salivarius|LSL1032	149	164	+	14.1786	6.91e-06	0.0121	TTGAAAACATTTTCAA
EXPREG_00000d10	CcpA_C.difficile	Bacillus_thuringiensis|BMB171C0627	351	366	+	14.1429	7.07e-06	0.0122	AGAAAAACATTTACAT
EXPREG_00000d10	CcpA_C.difficile	Streptococcus_pyogenes|L89706915	330	345	+	14.119	7.18e-06	0.0122	AGGAAAACGCTTACTT
EXPREG_00000d10	CcpA_C.difficile	Streptococcus_pyogenes|M5005Spy1381	331	346	+	14.119	7.18e-06	0.0122	AGGAAAACGCTTACTT
EXPREG_00000d10	CcpA_C.difficile	Bacillus_subtilis|BSU38060	136	151	+	14.1071	7.23e-06	0.0122	AAGAATACGCTTTCAT
EXPREG_00000d10	CcpA_C.difficile	Streptococcus_thermophilus|str0370	45	60	+	14.0833	7.36e-06	0.0122	AAGAAAACGCTAACAA
EXPREG_00000d10	CcpA_C.difficile	Streptococcus_mitis|smi1006	80	95	+	14.0833	7.36e-06	0.0122	GCTAAAACGTTTACAT
EXPREG_00000d10	CcpA_C.difficile	Bacillus_amyloliquefaciens|BAXH702032	256	271	+	14.0833	7.36e-06	0.0122	ATGAATACGTTTTCAA
EXPREG_00000d10	CcpA_C.difficile	Streptococcus_anginosus|SanJ42111657c	187	202	+	14.0714	7.43e-06	0.0122	AAGAAAACTTCTTCTT
EXPREG_00000d10	CcpA_C.difficile	Streptococcus_intermedius|SCIMRS06165	221	236	+	14.0714	7.43e-06	0.0122	TATAAAACGTTTCCAA
EXPREG_00000d10	CcpA_C.difficile	Streptococcus_anginosus|SanJ42110644	238	253	+	14.0714	7.43e-06	0.0122	TATAAAACGTTTCCAA
EXPREG_00000d10	CcpA_C.difficile	Streptococcus_uberis|SUB1573	23	38	+	14.0595	7.48e-06	0.0122	AAGTAAACGTTTTTAT
EXPREG_00000d10	CcpA_C.difficile	Streptococcus_dysgalactiae|SDEG1908	25	40	+	14.0595	7.48e-06	0.0122	AAGTAAACGTTTTTAT
EXPREG_00000d10	CcpA_C.difficile	Tetragenococcus_halophilus|AC806RS06425	100	115	+	14.0238	7.65e-06	0.0122	AGGAAAACGTATACAA
EXPREG_00000d10	CcpA_C.difficile	Corynebacterium_glutamicum|AC07912870	186	201	+	14.0238	7.65e-06	0.0122	GGAAAAAGTTTTTCAT
EXPREG_00000d10	CcpA_C.difficile	Lactobacillus_salivarius|LSL1620	209	224	+	14.0238	7.65e-06	0.0122	CAGTAAACGTTATCAT
EXPREG_00000d10	CcpA_C.difficile	Streptococcus_gallolyticus|GALLO2260	125	140	+	14.0119	7.73e-06	0.0122	TGGAAAACTTTTTGAA
EXPREG_00000d10	CcpA_C.difficile	Streptococcus_lutetiensis|KE3RS03360	17	32	+	13.9881	7.86e-06	0.0122	TAGAAAGTGTTTTCAA
EXPREG_00000d10	CcpA_C.difficile	Streptococcus_pyogenes|M5005Spy0424	69	84	+	13.9881	7.86e-06	0.0122	TTGAAAACTTTTTCAA
EXPREG_00000d10	CcpA_C.difficile	Streptococcus_dysgalactiae|SDEG0545	69	84	+	13.9881	7.86e-06	0.0122	TTGAAAACTTTTTCAA
EXPREG_00000d10	CcpA_C.difficile	Streptococcus_pyogenes|L89702310	69	84	+	13.9881	7.86e-06	0.0122	TTGAAAACTTTTTCAA
EXPREG_00000d10	CcpA_C.difficile	Streptococcus_suis|SSU0191	233	248	+	13.9881	7.86e-06	0.0122	TAGAAAGTGTTTTCAA
EXPREG_00000d10	CcpA_C.difficile	Lactococcus_lactis|llmg0629	104	119	+	13.9643	7.98e-06	0.0123	ATGAAAACGTTTTAAA
EXPREG_00000d10	CcpA_C.difficile	Lactobacillus_delbrueckii|LBUL1941	169	184	+	13.9643	7.98e-06	0.0123	AAGAAAAGGATAAGTT
EXPREG_00000d10	CcpA_C.difficile	Clostridium_perfringens|CPF0079	17	32	+	13.9405	8.11e-06	0.0124	GAGTTAACGTTTACTA
EXPREG_00000d10	CcpA_C.difficile	Bacillus_thuringiensis|BMB171C1147	47	62	+	13.9286	8.18e-06	0.0124	AAGTAAGCGTTTTCTT
EXPREG_00000d10	CcpA_C.difficile	Bacillus_anthracis|BF25RS18625	48	63	+	13.9286	8.18e-06	0.0124	AAGTAAGCGTTTTCTT
EXPREG_00000d10	CcpA_C.difficile	Streptococcus_gordonii|SGO1215	83	98	+	13.9048	8.32e-06	0.0125	GAAAAAATTTTTTCAA
EXPREG_00000d10	CcpA_C.difficile	Streptococcus_gallolyticus|GALLO1851	88	103	+	13.9048	8.32e-06	0.0125	TAGAAAGCGTTTTCTG
EXPREG_00000d10	CcpA_C.difficile	Streptococcus_intermedius|SCIMRS09055	160	175	+	13.8929	8.39e-06	0.0125	AAGAAAATGATTTAAA
EXPREG_00000d10	CcpA_C.difficile	Bacillus_anthracis|BF25RS16205	186	201	+	13.8571	8.59e-06	0.0125	TTGAAAACGTTTCCTT
EXPREG_00000d10	CcpA_C.difficile	Streptococcus_pneumoniae|SPD0265	210	225	+	13.8571	8.59e-06	0.0125	TGGAAAAGGCTTTCTT
EXPREG_00000d10	CcpA_C.difficile	Streptococcus_mitis|smi0275	294	309	+	13.8571	8.59e-06	0.0125	TGGAAAAGGCTTTCTT
EXPREG_00000d10	CcpA_C.difficile	Streptococcus_equi|Sez0820	503	518	+	13.8571	8.59e-06	0.0125	AAGAAAACGATTGCAC
EXPREG_00000d10	CcpA_C.difficile	Bacillus_licheniformis|B14RS01950	53	68	+	13.8452	8.65e-06	0.0125	ATGAAAACGGTTTCAT
EXPREG_00000d10	CcpA_C.difficile	Bacillus_licheniformis|BLi04089	54	69	+	13.8452	8.65e-06	0.0125	ATGAAAACGGTTTCAT
EXPREG_00000d10	CcpA_C.difficile	Streptococcus_gordonii|SGO0281	80	95	+	13.8095	8.87e-06	0.0127	TAGAAAACGCTTGCAA
EXPREG_00000d10	CcpA_C.difficile	Streptococcus_thermophilus|str0336	16	31	+	13.7976	8.94e-06	0.0127	GAGAAAGAGTTTTCTA
EXPREG_00000d10	CcpA_C.difficile	Streptococcus_suis|SSU1927	294	309	+	13.7857	9e-06	0.0127	AAGAAAGCGTTTTAAT
EXPREG_00000d10	CcpA_C.difficile	Streptococcus_agalactiae|SAG2163	90	105	+	13.7738	9.06e-06	0.0127	TAGAAATCGCTTTCAT
EXPREG_00000d10	CcpA_C.difficile	Lactobacillus_pentosus|BB56202700	27	42	+	13.7619	9.12e-06	0.0127	TCGAAAATATTTTCAT
EXPREG_00000d10	CcpA_C.difficile	Streptococcus_pneumoniae|SPD1933	84	99	+	13.7619	9.12e-06	0.0127	TAGAAAACGGTTGCAA
EXPREG_00000d10	CcpA_C.difficile	Streptococcus_anginosus|SanJ42111848c	94	109	+	13.7619	9.12e-06	0.0127	TAGAAAACGGTTGCAA
EXPREG_00000d10	CcpA_C.difficile	Bacillus_thuringiensis|BMB171C5067	103	118	+	13.7619	9.12e-06	0.0127	ACGAAAACGTTTTTTT
EXPREG_00000d10	CcpA_C.difficile	Clostridium_botulinum|CBO1028	97	112	+	13.75	9.2e-06	0.0127	GGGAAATCGTTATCCA
EXPREG_00000d10	CcpA_C.difficile	Streptococcus_anginosus|SanJ42111545c	36	51	+	13.7381	9.27e-06	0.0127	TAGTAAACGTTTTCTC
EXPREG_00000d10	CcpA_C.difficile	Streptococcus_agalactiae|SAG1690	40	55	+	13.7381	9.27e-06	0.0127	TAGTAAACGTTTTCTC
EXPREG_00000d10	CcpA_C.difficile	Clostridium_beijerinckii|Cbei0554	191	206	+	13.7262	9.36e-06	0.0128	AAGAAAACATTTACAC
EXPREG_00000d10	CcpA_C.difficile	Streptococcus_gordonii|SGO1590	90	105	+	13.7024	9.5e-06	0.0129	AAATAAACATTTTCTT
EXPREG_00000d10	CcpA_C.difficile	Streptococcus_lutetiensis|KE3RS00495	239	254	+	13.631	9.96e-06	0.0133	GAGAAAAAGTTTTAAG
EXPREG_00000d10	CcpA_C.difficile	Clostridium_perfringens|CPF0741	390	405	+	13.631	9.96e-06	0.0133	ATGAATACGTTTTCTA
EXPREG_00000d10	CcpA_C.difficile	Streptococcus_pneumoniae|SPD1012	40	55	+	13.619	1e-05	0.0133	AAGAAAGCGATTACTT
EXPREG_00000d10	CcpA_C.difficile	Streptococcus_mitis|smi1159	41	56	+	13.619	1e-05	0.0133	AAGAAAGCGATTACTT
EXPREG_00000d10	CcpA_C.difficile	Streptococcus_pyogenes|L89701095	131	146	+	13.619	1e-05	0.0133	ACGAAAACCTTTTCAA
EXPREG_00000d10	CcpA_C.difficile	Streptococcus_intermedius|SCIMRS03095	327	342	+	13.619	1e-05	0.0133	ATGAAAACTATTTCAT
EXPREG_00000d10	CcpA_C.difficile	Lactobacillus_acidophilus|LBA0845	10	25	+	13.5833	1.03e-05	0.0135	CAAAAAAGGTTTACAT
EXPREG_00000d10	CcpA_C.difficile	Lactobacillus_johnsonii|LJ1009	14	29	+	13.5833	1.03e-05	0.0135	CAAAAAAGGTTTACAT
EXPREG_00000d10	CcpA_C.difficile	Streptococcus_pneumoniae|SPD1409	229	244	+	13.5357	1.06e-05	0.0137	TATAAAGCGTTTTCAT
EXPREG_00000d10	CcpA_C.difficile	Lactobacillus_helveticus|lhv0895	9	24	+	13.5238	1.07e-05	0.0137	TAAAAATGGTTTACAT
EXPREG_00000d10	CcpA_C.difficile	Staphylococcus_aureus|SAOUHSC01434	79	94	+	13.5238	1.07e-05	0.0137	TGTTAAACGTTTTCAT
EXPREG_00000d10	CcpA_C.difficile	Lactobacillus_reuteri|LAR1662	150	165	+	13.5238	1.07e-05	0.0137	TAGTAAAAGTTTACTA
EXPREG_00000d10	CcpA_C.difficile	Anoxybacillus_flavithermus|Aflv0998	43	58	+	13.5119	1.08e-05	0.0137	ATGAAAACGTTTTATA
EXPREG_00000d10	CcpA_C.difficile	Lactobacillus_brevis|LVIS1904	63	78	+	13.5119	1.08e-05	0.0137	ATGAAAACGTTTTATA
EXPREG_00000d10	CcpA_C.difficile	Lactococcus_lactis|llmg0437	99	114	+	13.4881	1.09e-05	0.0139	ATGAAAACGTTATAAT
EXPREG_00000d10	CcpA_C.difficile	Clostridium_beijerinckii|Cbei0596	71	86	+	13.4524	1.12e-05	0.0141	AAGAATATGTTAACTT
EXPREG_00000d10	CcpA_C.difficile	Lactococcus_lactis|llmg0775	157	172	+	13.4524	1.12e-05	0.0141	TGAAAATGGTTTTCAT
EXPREG_00000d10	CcpA_C.difficile	Bacillus_anthracis|BF25RS28445	322	337	+	13.4524	1.12e-05	0.0141	AATAAAGCGTTTTCAA
EXPREG_00000d10	CcpA_C.difficile	Streptococcus_anginosus|SanJ42111849	188	203	+	13.4167	1.15e-05	0.0143	AATAAAAAATTTTCAA
EXPREG_00000d10	CcpA_C.difficile	Bacillus_megaterium|BMD0563	99	114	+	13.3929	1.16e-05	0.0145	AAGAAAACGGTTTCAC
EXPREG_00000d10	CcpA_C.difficile	Anoxybacillus_flavithermus|Aflv0889	33	48	+	13.369	1.18e-05	0.0146	GAGAAAAAATTAACAA
EXPREG_00000d10	CcpA_C.difficile	Bacillus_subtilis|BSU38050	128	143	+	13.369	1.18e-05	0.0146	ACGAAAACGCTATCAT
EXPREG_00000d10	CcpA_C.difficile	Streptococcus_gordonii|SGO0632	85	100	+	13.3333	1.21e-05	0.0148	AAGAAAGCGTTTTATT
EXPREG_00000d10	CcpA_C.difficile	Bacillus_anthracis|BF25RS21490	268	283	+	13.3333	1.21e-05	0.0148	TGAAAAACATTTACAT
EXPREG_00000d10	CcpA_C.difficile	Lactobacillus_reuteri|LAR0167	37	52	+	13.2857	1.25e-05	0.0151	AGTAAAACGTTTTATT
EXPREG_00000d10	CcpA_C.difficile	Streptococcus_suis|SSU0355	56	71	+	13.2857	1.25e-05	0.0151	GCGTAAACGTTTGCAT
EXPREG_00000d10	CcpA_C.difficile	Streptococcus_thermophilus|str1431	164	179	+	13.2619	1.27e-05	0.0152	AAGAAATGATTTACTT
EXPREG_00000d10	CcpA_C.difficile	Bacillus_licheniformis|BLi04252	181	196	+	13.2619	1.27e-05	0.0152	AATAAAACGTTTACAC
EXPREG_00000d10	CcpA_C.difficile	Lactobacillus_sakei|C021305635	195	210	+	13.2619	1.27e-05	0.0152	AAGAAAGGGTTTGCAA
EXPREG_00000d10	CcpA_C.difficile	Lactobacillus_johnsonii|LJ0210	78	93	+	13.25	1.28e-05	0.0152	GAAAAAGCGTTTACAT
EXPREG_00000d10	CcpA_C.difficile	Staphylococcus_aureus|SAOUHSC01846	133	148	+	13.2381	1.28e-05	0.0152	AAGAAAGCGTTTTCAC
EXPREG_00000d10	CcpA_C.difficile	Streptococcus_uberis|SUB1328	77	92	+	13.2262	1.29e-05	0.0152	AAGTAAACGTATACAT
EXPREG_00000d10	CcpA_C.difficile	Staphylococcus_aureus|SAOUHSC00019	146	161	+	13.2262	1.29e-05	0.0152	TTGAAAACGATTTGTT
EXPREG_00000d10	CcpA_C.difficile	Streptococcus_equi|Sez0426	132	147	+	13.2143	1.3e-05	0.0152	GATAAAATGTTATGAT
EXPREG_00000d10	CcpA_C.difficile	Clostridium_botulinum|CBO2785	311	326	+	13.2143	1.3e-05	0.0152	AAGAAAATAATTACAA
EXPREG_00000d10	CcpA_C.difficile	Lactobacillus_plantarum|lp3548	234	249	+	13.1905	1.33e-05	0.0154	AAGAAAAGTATTGCAA
EXPREG_00000d10	CcpA_C.difficile	Staphylococcus_aureus|SAOUHSC00895	42	57	+	13.1786	1.34e-05	0.0155	AGGAATACGTTATGTT
EXPREG_00000d10	CcpA_C.difficile	Enterococcus_faecalis|EF1069	152	167	+	13.1429	1.37e-05	0.0158	AAGTAAACATTTGCAA
EXPREG_00000d10	CcpA_C.difficile	Streptococcus_agalactiae|SAG0853	123	138	+	13.119	1.39e-05	0.016	AGGAAAATGTATTCCT
EXPREG_00000d10	CcpA_C.difficile	Enterococcus_faecalis|EF1613	194	209	+	13.0952	1.41e-05	0.0161	AAAAAAACGCTTGCAT
EXPREG_00000d10	CcpA_C.difficile	Streptococcus_mutans|SMU2162c	142	157	+	13.0833	1.42e-05	0.0162	TAGAAAAATTTATGAT
EXPREG_00000d10	CcpA_C.difficile	Streptococcus_agalactiae|SAG0338	41	56	+	13.0714	1.43e-05	0.0162	TAGAAAGCGTTAACAA
EXPREG_00000d10	CcpA_C.difficile	Streptococcus_equi|Sez1257	141	156	+	13.0714	1.43e-05	0.0162	GAAAAAATGTTTTAAA
EXPREG_00000d10	CcpA_C.difficile	Clostridium_perfringens|CPF1547	151	166	+	13.0595	1.44e-05	0.0162	AAGAAAAGGTTAGAAA
EXPREG_00000d10	CcpA_C.difficile	Streptococcus_pyogenes|L89708420	80	95	+	13.0476	1.45e-05	0.0162	GAAAAAACGTTAAAAT
EXPREG_00000d10	CcpA_C.difficile	Streptococcus_pyogenes|M5005Spy1681	80	95	+	13.0476	1.45e-05	0.0162	GAAAAAACGTTAAAAT
EXPREG_00000d10	CcpA_C.difficile	Clostridium_beijerinckii|Cbei4022	12	27	+	13.0357	1.46e-05	0.0162	TAAAAAACAATTACAT
EXPREG_00000d10	CcpA_C.difficile	Clostridium_beijerinckii|Cbei4680	287	302	+	13.0357	1.46e-05	0.0162	TATTAAACGTTATCAA
EXPREG_00000d10	CcpA_C.difficile	Bacillus_megaterium|BMD4483	126	141	+	13.0238	1.47e-05	0.0163	AAGATAGCGTTTTCAG
EXPREG_00000d10	CcpA_C.difficile	Streptococcus_suis|SSU0378	68	83	+	13.0119	1.48e-05	0.0164	TAGAAAATATTTTAAT
EXPREG_00000d10	CcpA_C.difficile	Staphylococcus_aureus|SAOUHSC01847	22	37	+	12.9643	1.53e-05	0.0168	GTGAAAACGCTTTCTT
EXPREG_00000d10	CcpA_C.difficile	Clostridioides_difficile|CD63023270	421	436	+	12.9405	1.55e-05	0.017	AAAAAAAATTTATCAA
EXPREG_00000d10	CcpA_C.difficile	Anoxybacillus_flavithermus|Aflv1436	7	22	+	12.8929	1.6e-05	0.0174	TCGTAAACGTTTACAA
EXPREG_00000d10	CcpA_C.difficile	Streptococcus_equi|Sez1545	41	56	+	12.8929	1.6e-05	0.0174	AAGAAAGCGTTTTAAA
EXPREG_00000d10	CcpA_C.difficile	Staphylococcus_aureus|SAOUHSC00209	281	296	+	12.881	1.61e-05	0.0174	TGAAAAATATTTTCAT
EXPREG_00000d10	CcpA_C.difficile	Streptococcus_mitis|smi1166	181	196	+	12.8571	1.63e-05	0.0174	TAGAAAACGCTTACAG
EXPREG_00000d10	CcpA_C.difficile	Staphylococcus_aureus|SAOUHSC00175	253	268	+	12.8571	1.63e-05	0.0174	ATGTAAACGTTTACAA
EXPREG_00000d10	CcpA_C.difficile	Streptococcus_pneumoniae|SPD1005	435	450	+	12.8571	1.63e-05	0.0174	TAGAAAACGCTTACAG
EXPREG_00000d10	CcpA_C.difficile	Streptococcus_gordonii|SGO0352	58	73	+	12.8452	1.65e-05	0.0174	TATAAAACGCTTTCAA
EXPREG_00000d10	CcpA_C.difficile	Streptococcus_lutetiensis|KE3RS03810	154	169	+	12.8452	1.65e-05	0.0174	AATAAAACGCTTACAT
EXPREG_00000d10	CcpA_C.difficile	Lactobacillus_salivarius|LSL0163	279	294	+	12.8452	1.65e-05	0.0174	AAGAAAATGATTTTTT
EXPREG_00000d10	CcpA_C.difficile	Bacillus_amyloliquefaciens|BAXH702032	224	239	+	12.8333	1.66e-05	0.0175	AAAAAAGCGTTTACAA
EXPREG_00000d10	CcpA_C.difficile	Bacillus_licheniformis|B14RS08050	93	108	+	12.8214	1.67e-05	0.0175	AAGAAAAGTATTCCAT
EXPREG_00000d10	CcpA_C.difficile	Bacillus_licheniformis|BLi02850	94	109	+	12.8214	1.67e-05	0.0175	AAGAAAAGTATTCCAT
EXPREG_00000d10	CcpA_C.difficile	Streptococcus_suis|SSU0870	94	109	+	12.8214	1.67e-05	0.0175	AAGGAAACGCTTTCAT
EXPREG_00000d10	CcpA_C.difficile	Lactobacillus_sakei|C021309300	65	80	+	12.7976	1.7e-05	0.0175	GAGAAAATAATTGCAT
EXPREG_00000d10	CcpA_C.difficile	Clostridium_perfringens|CPF0177	194	209	+	12.7976	1.7e-05	0.0175	AGAAAAATATTTTCAA
EXPREG_00000d10	CcpA_C.difficile	Anoxybacillus_flavithermus|Aflv0461	95	110	+	12.7857	1.71e-05	0.0175	ATGAAAACGATTTAAT
EXPREG_00000d10	CcpA_C.difficile	Bacillus_licheniformis|B14RS06680	123	138	+	12.7857	1.71e-05	0.0175	AAGGGAACGTTTTCAT
EXPREG_00000d10	CcpA_C.difficile	Bacillus_licheniformis|BLi03125	124	139	+	12.7857	1.71e-05	0.0175	AAGGGAACGTTTTCAT
EXPREG_00000d10	CcpA_C.difficile	Clostridium_beijerinckii|Cbei0596	233	248	+	12.7738	1.72e-05	0.0176	AGAAAAAAGTTTGCTA
EXPREG_00000d10	CcpA_C.difficile	Leuconostoc_mesenteroides|LEUM0962	121	136	+	12.75	1.75e-05	0.0178	AAGAAAATATATTCTT
EXPREG_00000d10	CcpA_C.difficile	Bacillus_thuringiensis|BMB171C4513	91	106	+	12.7381	1.76e-05	0.0178	TAAAAAATGTTTAGAA
EXPREG_00000d10	CcpA_C.difficile	Oenococcus_oeni|OEOE1854	510	525	+	12.7381	1.76e-05	0.0178	AGGAAAAGTTTATGTT
EXPREG_00000d10	CcpA_C.difficile	Pediococcus_pentosaceus|PEPE1251	54	69	+	12.7143	1.79e-05	0.018	ATGAATACGTTATCAA
EXPREG_00000d10	CcpA_C.difficile	Lactobacillus_casei|LCABL22520	358	373	+	12.6905	1.81e-05	0.0182	AGTATAACGATTTCAA
EXPREG_00000d10	CcpA_C.difficile	Anoxybacillus_flavithermus|Aflv0898	79	94	+	12.6786	1.83e-05	0.0183	ACAAAAACGATTACAA
EXPREG_00000d10	CcpA_C.difficile	Lactococcus_lactis|llmg0775	22	37	+	12.6667	1.84e-05	0.0183	GAAAATAAGTTTTCTA
EXPREG_00000d10	CcpA_C.difficile	Bacillus_subtilis|BSU34050	64	79	+	12.6667	1.84e-05	0.0183	TAGAAAACTCTTTCCT
EXPREG_00000d10	CcpA_C.difficile	Lactobacillus_rhamnosus|DU50702290	37	52	+	12.6548	1.85e-05	0.0183	AAGAATAGGTCTTCAT
EXPREG_00000d10	CcpA_C.difficile	Bacillus_amyloliquefaciens|BAXH702990	58	73	+	12.6429	1.87e-05	0.0183	TATAAAGCGTTTTCAA
EXPREG_00000d10	CcpA_C.difficile	Bacillus_subtilis|BSU29680	61	76	+	12.6429	1.87e-05	0.0183	TATAAAGCGTTTTCAA
EXPREG_00000d10	CcpA_C.difficile	Lactobacillus_plantarum|lp3436	304	319	+	12.6429	1.87e-05	0.0183	AATAAAGCGTTTACAT
EXPREG_00000d10	CcpA_C.difficile	Tetragenococcus_halophilus|AC806RS06550	13	28	+	12.631	1.88e-05	0.0184	TAGTAAAAGTTTACCA
EXPREG_00000d10	CcpA_C.difficile	Lactobacillus_johnsonii|LJ0635	293	308	+	12.631	1.88e-05	0.0184	TTGAAAACGCTTTCTT
EXPREG_00000d10	CcpA_C.difficile	Streptococcus_dysgalactiae|SDEG0544	159	174	+	12.619	1.9e-05	0.0184	GAAAGAAGGTTTTCCT
EXPREG_00000d10	CcpA_C.difficile	Streptococcus_pneumoniae|SPD2033	1	16	+	12.6071	1.91e-05	0.0184	AGGAAAAAATTTGCAA
EXPREG_00000d10	CcpA_C.difficile	Streptococcus_mitis|smi2056	1	16	+	12.6071	1.91e-05	0.0184	AGGAAAAAATTTGCAA
EXPREG_00000d10	CcpA_C.difficile	Clostridium_tetani|CTC01019	65	80	+	12.5714	1.95e-05	0.0187	AAGAAAAAGCTTTGAA
EXPREG_00000d10	CcpA_C.difficile	Lactococcus_lactis|llmg0775	121	136	+	12.5714	1.95e-05	0.0187	TTGAAAAGGTTTACAG
EXPREG_00000d10	CcpA_C.difficile	Lactococcus_lactis|llmg0437	76	91	+	12.5595	1.97e-05	0.0188	TAGATAACGCTTGCAT
EXPREG_00000d10	CcpA_C.difficile	Lactobacillus_helveticus|lhv0154	55	70	+	12.5238	2.01e-05	0.0189	AAAAAAACGTCTTGTT
EXPREG_00000d10	CcpA_C.difficile	Bacillus_amyloliquefaciens|BAXH700446	55	70	+	12.5238	2.01e-05	0.0189	ATGAAAACGCTATCAT
EXPREG_00000d10	CcpA_C.difficile	Bacillus_subtilis|BSU04470	57	72	+	12.5238	2.01e-05	0.0189	ATGAAAACGCTATCAT
EXPREG_00000d10	CcpA_C.difficile	Streptococcus_intermedius|SCIMRS02885	136	151	+	12.5238	2.01e-05	0.0189	TAGAAAGCGTTTTATT
EXPREG_00000d10	CcpA_C.difficile	Streptococcus_anginosus|SanJ42110565	147	162	+	12.5238	2.01e-05	0.0189	TAGAAAGCGTTTTATT
EXPREG_00000d10	CcpA_C.difficile	Streptococcus_suis|SSU1836	40	55	+	12.5	2.04e-05	0.019	GATAAAGCGTTATCAT
EXPREG_00000d10	CcpA_C.difficile	Pediococcus_pentosaceus|PEPE0446	80	95	+	12.5	2.04e-05	0.019	AAAAAAACGCTTTCTG
EXPREG_00000d10	CcpA_C.difficile	Streptococcus_pneumoniae|SPD0092	94	109	+	12.4881	2.05e-05	0.019	ATGTAAACGATTTCAA
EXPREG_00000d10	CcpA_C.difficile	Bacillus_clausii|ABC2760	122	137	+	12.4881	2.05e-05	0.019	TTGAAAACGTTACCTT
EXPREG_00000d10	CcpA_C.difficile	Streptococcus_mitis|smi1989	202	217	+	12.4881	2.05e-05	0.019	ATGTAAACGATTTCAA
EXPREG_00000d10	CcpA_C.difficile	Oenococcus_oeni|OEOE0108	92	107	+	12.4643	2.08e-05	0.0192	AAAAAAATTTTTTGTT
EXPREG_00000d10	CcpA_C.difficile	Clostridium_beijerinckii|Cbei0432	381	396	+	12.4643	2.08e-05	0.0192	TTAAAAACTTTTTCAT
EXPREG_00000d10	CcpA_C.difficile	Lactococcus_lactis|llmg0437	138	153	+	12.4405	2.11e-05	0.0194	TATAAAACGTTAAGAA
EXPREG_00000d10	CcpA_C.difficile	Streptococcus_agalactiae|SAG0313	12	27	+	12.4286	2.13e-05	0.0194	GAAAAAAAGGTTTCTT
EXPREG_00000d10	CcpA_C.difficile	Streptococcus_pneumoniae|SPD0632	77	92	+	12.3929	2.18e-05	0.0198	GAAATAATATTTTCTT
EXPREG_00000d10	CcpA_C.difficile	Tetragenococcus_halophilus|AC806RS06735	79	94	+	12.3929	2.18e-05	0.0198	AAAAAAGCATTTTCAT
EXPREG_00000d10	CcpA_C.difficile	Bacillus_subtilis|BSU08180	308	323	+	12.381	2.19e-05	0.0198	TTGTAAACGTTATCAA
EXPREG_00000d10	CcpA_C.difficile	Streptococcus_intermedius|SCIMRS00435	112	127	+	12.369	2.21e-05	0.0199	AAGAAAGCGCTTTCTT
EXPREG_00000d10	CcpA_C.difficile	Bacillus_clausii|ABC3022	92	107	+	12.3333	2.26e-05	0.0202	TATAAAACGTTATCTC
EXPREG_00000d10	CcpA_C.difficile	Bacillus_licheniformis|BLi03198	125	140	+	12.3333	2.26e-05	0.0202	GATAAAACGATTCCAA
EXPREG_00000d10	CcpA_C.difficile	Bacillus_licheniformis|B14RS06315	126	141	+	12.3333	2.26e-05	0.0202	GATAAAACGATTCCAA
EXPREG_00000d10	CcpA_C.difficile	Streptococcus_pneumoniae|SPD1247	59	74	+	12.3095	2.29e-05	0.0203	GTGAAAACGATTTAAT
EXPREG_00000d10	CcpA_C.difficile	Streptococcus_mitis|smi0713	60	75	+	12.3095	2.29e-05	0.0203	GTGAAAACGATTTAAT
EXPREG_00000d10	CcpA_C.difficile	Clostridium_acetobutylicum|CAC3351	64	79	+	12.3095	2.29e-05	0.0203	AATAAAACAATTACTT
EXPREG_00000d10	CcpA_C.difficile	Clostridium_perfringens|CPF0177	48	63	+	12.2976	2.31e-05	0.0204	TAAAAAATATTTTGAT
EXPREG_00000d10	CcpA_C.difficile	Streptococcus_pyogenes|L89707885	306	321	+	12.2619	2.36e-05	0.0208	TAAAAAATGTTATAAT
EXPREG_00000d10	CcpA_C.difficile	Streptococcus_suis|SSU0261	407	422	+	12.25	2.37e-05	0.0208	GTGAAAAAGTTAACAA
EXPREG_00000d10	CcpA_C.difficile	Bacillus_thuringiensis|BMB171C0627	382	397	+	12.2381	2.39e-05	0.0209	AAGAATATATTTACAT
EXPREG_00000d10	CcpA_C.difficile	Bacillus_thuringiensis|BMB171C4080	104	119	+	12.2262	2.41e-05	0.021	AAGGAAACGTTACCTT
EXPREG_00000d10	CcpA_C.difficile	Geobacillus_kaustophilus|GK0395	42	57	+	12.2143	2.42e-05	0.021	AAAAAAACATTTTATA
EXPREG_00000d10	CcpA_C.difficile	Bacillus_clausii|ABC2500	212	227	+	12.2143	2.42e-05	0.021	AAGAAAGCATTTACAA
EXPREG_00000d10	CcpA_C.difficile	Tetragenococcus_halophilus|AC806RS03160	268	283	+	12.2143	2.42e-05	0.021	TAAAAAAGTTTTTGAA
EXPREG_00000d10	CcpA_C.difficile	Streptococcus_uberis|SUB0830	43	58	+	12.2024	2.44e-05	0.021	AAAAAAACGCTTGCAA
EXPREG_00000d10	CcpA_C.difficile	Enterococcus_faecalis|EF1836	82	97	+	12.2024	2.44e-05	0.021	AATAAAACAATATCAA
EXPREG_00000d10	CcpA_C.difficile	Clostridium_botulinum|CBO2784	24	39	+	12.1548	2.51e-05	0.0215	AAGTAAATTATTTCAT
EXPREG_00000d10	CcpA_C.difficile	Lactococcus_lactis|llmg2418	321	336	+	12.1548	2.51e-05	0.0215	GGGAAAAAGTTTTTAA
EXPREG_00000d10	CcpA_C.difficile	Clostridium_beijerinckii|Cbei1945	237	252	+	12.131	2.55e-05	0.0217	TAAAAAACATATTCAT
EXPREG_00000d10	CcpA_C.difficile	Bacillus_amyloliquefaciens|BAXH701026	84	99	+	12.119	2.57e-05	0.0218	GGAAAAAAGTTTTAAT
EXPREG_00000d10	CcpA_C.difficile	Geobacillus_kaustophilus|GK3054	12	27	+	12.1071	2.59e-05	0.0218	GAGAAAACGATACGAA
EXPREG_00000d10	CcpA_C.difficile	Streptococcus_pyogenes|L89704725	37	52	+	12.1071	2.59e-05	0.0218	GAAAAAATGCTTTCAA
EXPREG_00000d10	CcpA_C.difficile	Streptococcus_pyogenes|M5005Spy0955	37	52	+	12.1071	2.59e-05	0.0218	GAAAAAATGCTTTCAA
EXPREG_00000d10	CcpA_C.difficile	Lactococcus_lactis|llmg0956	166	181	+	12.0952	2.6e-05	0.0219	AAGATAACGATTACTC
EXPREG_00000d10	CcpA_C.difficile	Streptococcus_uberis|SUB0245	46	61	+	12.0714	2.64e-05	0.022	ATGAAAACGCTATCTT
EXPREG_00000d10	CcpA_C.difficile	Streptococcus_equi|Sez1772	47	62	+	12.0714	2.64e-05	0.022	ATGAAAACGCTATCTT
EXPREG_00000d10	CcpA_C.difficile	Streptococcus_pyogenes|L89700370	47	62	+	12.0595	2.66e-05	0.022	AAGAAATCATTTTATT
EXPREG_00000d10	CcpA_C.difficile	Streptococcus_pyogenes|M5005Spy0040	47	62	+	12.0595	2.66e-05	0.022	AAGAAATCATTTTATT
EXPREG_00000d10	CcpA_C.difficile	Streptococcus_agalactiae|SAG1408	103	118	+	12.0595	2.66e-05	0.022	AAAATAAGATTATCAA
EXPREG_00000d10	CcpA_C.difficile	Streptococcus_agalactiae|SAG1408	124	139	+	12.0476	2.68e-05	0.0221	AAGAAAAATTATTCAA
EXPREG_00000d10	CcpA_C.difficile	Streptococcus_dysgalactiae|SDEG1419	132	147	+	12.0476	2.68e-05	0.0221	TAGAATAGGATTACTA
EXPREG_00000d10	CcpA_C.difficile	Streptococcus_anginosus|SanJ42110991c	54	69	+	12.0357	2.69e-05	0.0221	TATAAAACGCTTACAT
EXPREG_00000d10	CcpA_C.difficile	Lactobacillus_johnsonii|LJ1810	55	70	+	12.0357	2.69e-05	0.0221	AGAAAAAAGTTATGAA
EXPREG_00000d10	CcpA_C.difficile	Clostridium_botulinum|CBO0225	152	167	+	12.0238	2.72e-05	0.0221	AAAAAAATTTTTTGAA
EXPREG_00000d10	CcpA_C.difficile	Clostridioides_difficile|CD63011370	180	195	+	12.0238	2.72e-05	0.0221	GAAAAAATGTTTTTTT
EXPREG_00000d10	CcpA_C.difficile	Lactobacillus_casei|LCABL16340	163	178	+	12.0119	2.73e-05	0.0222	AATAAAACGCTTGCAT
EXPREG_00000d10	CcpA_C.difficile	Streptococcus_pneumoniae|SPD2068	50	65	+	12	2.75e-05	0.0222	AAAAAATAGATTTCAA
EXPREG_00000d10	CcpA_C.difficile	Staphylococcus_aureus|SAOUHSC00298	38	53	+	11.9881	2.77e-05	0.0222	TGAAAAATATTTTCAA
EXPREG_00000d10	CcpA_C.difficile	Streptococcus_intermedius|SCIMRS09055	92	107	+	11.9881	2.77e-05	0.0222	TGGAAAACGGTTGCAA
EXPREG_00000d10	CcpA_C.difficile	Streptococcus_mutans|SMU402	111	126	+	11.9881	2.77e-05	0.0222	AAGAAATCGCTTACAA
EXPREG_00000d10	CcpA_C.difficile	Clostridium_acetobutylicum|CAC0384	2	17	+	11.9762	2.79e-05	0.0222	AAGAAAATGTTAGGAG
EXPREG_00000d10	CcpA_C.difficile	Streptococcus_agalactiae|SAG0857	239	254	+	11.9762	2.79e-05	0.0222	ATGAAAACGTAATCAA
EXPREG_00000d10	CcpA_C.difficile	Streptococcus_gordonii|SGO1745	101	116	+	11.9643	2.81e-05	0.0222	GAGAAAGCGTTTTATA
EXPREG_00000d10	CcpA_C.difficile	Streptococcus_dysgalactiae|SDEG1988	121	136	+	11.9643	2.81e-05	0.0222	TTGAAAACCTTTTCAA
EXPREG_00000d10	CcpA_C.difficile	Clostridioides_difficile|CD63023270	201	216	+	11.9643	2.81e-05	0.0222	TATAAAAATTTTTCCT
EXPREG_00000d10	CcpA_C.difficile	Clostridium_kluyveri|CKL1348	10	25	+	11.9524	2.83e-05	0.0222	TAGATTAGGTTAACAT
EXPREG_00000d10	CcpA_C.difficile	Bacillus_thuringiensis|BMB171C3392	14	29	+	11.9524	2.83e-05	0.0222	AAGAAATCTATTTGAT
EXPREG_00000d10	CcpA_C.difficile	Anoxybacillus_flavithermus|Aflv0462	55	70	+	11.9524	2.83e-05	0.0222	ATTAAATCGTTTTCAT
EXPREG_00000d10	CcpA_C.difficile	Lactobacillus_johnsonii|LJ0442	161	176	+	11.9524	2.83e-05	0.0222	AAGAAAATGATTTTTA
EXPREG_00000d10	CcpA_C.difficile	Bacillus_licheniformis|B14RS06965	294	309	+	11.9405	2.85e-05	0.0222	TGAAAAACGATTTAAT
EXPREG_00000d10	CcpA_C.difficile	Bacillus_licheniformis|BLi03062	295	310	+	11.9405	2.85e-05	0.0222	TGAAAAACGATTTAAT
EXPREG_00000d10	CcpA_C.difficile	Lactobacillus_johnsonii|LJ0519	170	185	+	11.9286	2.87e-05	0.0223	TAGAATACGCTATCAT
EXPREG_00000d10	CcpA_C.difficile	Streptococcus_pyogenes|L89708035	77	92	+	11.9048	2.91e-05	0.0226	AAGAAAACTTTTGATA
EXPREG_00000d10	CcpA_C.difficile	Streptococcus_intermedius|SCIMRS06825	175	190	+	11.869	2.97e-05	0.0229	CGGAAAACGTTTGCAG
EXPREG_00000d10	CcpA_C.difficile	Streptococcus_mitis|smi0133	360	375	+	11.869	2.97e-05	0.0229	TAAAAAATTTTTACAA
EXPREG_00000d10	CcpA_C.difficile	Tetragenococcus_halophilus|AC806RS07685	213	228	+	11.8571	2.99e-05	0.023	AAAAAAATTATTTCTA
EXPREG_00000d10	CcpA_C.difficile	Lactobacillus_johnsonii|LJ1090	11	26	+	11.8452	3.02e-05	0.023	GGAAAAAAGATATCAA
EXPREG_00000d10	CcpA_C.difficile	Bacillus_amyloliquefaciens|BAXH701155	87	102	+	11.8333	3.04e-05	0.023	AATAAAACTTTTTATT
EXPREG_00000d10	CcpA_C.difficile	Bacillus_subtilis|BSU22880	91	106	+	11.8333	3.04e-05	0.023	AATAAAACTTTTTATT
EXPREG_00000d10	CcpA_C.difficile	Bacillus_licheniformis|B14RS16065	178	193	+	11.8333	3.04e-05	0.023	TTGAAAACTTTTACCT
EXPREG_00000d10	CcpA_C.difficile	Paenibacillus_polymyxa|PPSQR21007590	297	312	+	11.8333	3.04e-05	0.023	TATAAAGCGTTTACAT
EXPREG_00000d10	CcpA_C.difficile	Clostridium_beijerinckii|Cbei0242	264	279	+	11.8214	3.06e-05	0.023	TTGAAAAGGTATTCTT
EXPREG_00000d10	CcpA_C.difficile	Lactobacillus_acidophilus|LBA0723	173	188	+	11.8095	3.08e-05	0.023	ATGAAAATGTTTTAAA
EXPREG_00000d10	CcpA_C.difficile	Streptococcus_pneumoniae|SPD0650	21	36	+	11.7976	3.1e-05	0.023	TGGAAAAGTATTTCCA
EXPREG_00000d10	CcpA_C.difficile	Bacillus_anthracis|BF25RS21490	52	67	+	11.7976	3.1e-05	0.023	AGGTAAACTTTTTGTT
EXPREG_00000d10	CcpA_C.difficile	Bacillus_anthracis|BF25RS25530	62	77	+	11.7976	3.1e-05	0.023	TGTAAAATATTTTCAT
EXPREG_00000d10	CcpA_C.difficile	Bacillus_thuringiensis|BMB171C0627	135	150	+	11.7976	3.1e-05	0.023	AGGTAAACTTTTTGTT
EXPREG_00000d10	CcpA_C.difficile	Lactobacillus_rhamnosus|DU50704855	90	105	+	11.7738	3.14e-05	0.023	TAAAAAACGATTTTTT
EXPREG_00000d10	CcpA_C.difficile	Streptococcus_mitis|smi1398	134	149	+	11.7738	3.14e-05	0.023	AAAATAAGTTTTTGAT
EXPREG_00000d10	CcpA_C.difficile	Lactobacillus_johnsonii|LJ0182	164	179	+	11.7738	3.14e-05	0.023	TCGAAAACGCTTACTT
EXPREG_00000d10	CcpA_C.difficile	Streptococcus_pneumoniae|SPD1797	3	18	+	11.7619	3.17e-05	0.023	GATATAATATTTTCAT
EXPREG_00000d10	CcpA_C.difficile	Streptococcus_mitis|smi1592	59	74	+	11.7619	3.17e-05	0.023	TGTAAAGCGTTTTCAT
EXPREG_00000d10	CcpA_C.difficile	Enterococcus_faecalis|EF0938	84	99	+	11.7619	3.17e-05	0.023	ACGAAAAAGTCTTCTT
EXPREG_00000d10	CcpA_C.difficile	Paenibacillus_polymyxa|PPSQR21008590	108	123	+	11.75	3.19e-05	0.023	AATAAAGCGTTTACAA
EXPREG_00000d10	CcpA_C.difficile	Streptococcus_dysgalactiae|SDEG0222	116	131	+	11.75	3.19e-05	0.023	AAGAAAACGCTTTACA
EXPREG_00000d10	CcpA_C.difficile	Bacillus_anthracis|BF25RS14775	120	135	+	11.75	3.19e-05	0.023	AATAAAGCGTTTACAA
EXPREG_00000d10	CcpA_C.difficile	Streptococcus_equi|Sez1783	141	156	+	11.75	3.19e-05	0.023	AAGAAAACGCTTTACA
EXPREG_00000d10	CcpA_C.difficile	Lactococcus_lactis|llmg1468	171	186	+	11.75	3.19e-05	0.023	AATAAAGCGTTTACAA
EXPREG_00000d10	CcpA_C.difficile	Streptococcus_pyogenes|M5005Spy1692	204	219	+	11.75	3.19e-05	0.023	AAGAAAACGCTTTACA
EXPREG_00000d10	CcpA_C.difficile	Streptococcus_pyogenes|L89708465	204	219	+	11.75	3.19e-05	0.023	AAGAAAACGCTTTACA
EXPREG_00000d10	CcpA_C.difficile	Lactococcus_lactis|llmg1734	20	35	+	11.7381	3.21e-05	0.023	TATAAAACTTTTCCAT
EXPREG_00000d10	CcpA_C.difficile	Lactococcus_lactis|llmg0956	46	61	+	11.7381	3.21e-05	0.023	GGGTAATCGTTTACTT
EXPREG_00000d10	CcpA_C.difficile	Tetragenococcus_halophilus|AC806RS01515	80	95	+	11.7381	3.21e-05	0.023	GAAAAAAGTTTTAGAT
EXPREG_00000d10	CcpA_C.difficile	Clostridioides_difficile|CD63022800	81	96	+	11.7381	3.21e-05	0.023	GAAAAAACATTTTATA
EXPREG_00000d10	CcpA_C.difficile	Lactobacillus_rhamnosus|DU50714095	124	139	+	11.7262	3.23e-05	0.0231	TTGAAAGGGTTTTCAT
EXPREG_00000d10	CcpA_C.difficile	Streptococcus_anginosus|SanJ42111620c	125	140	+	11.7143	3.25e-05	0.0231	CAGAAAACGTTTGCAC
EXPREG_00000d10	CcpA_C.difficile	Streptococcus_dysgalactiae|SDEG1250	207	222	+	11.7143	3.25e-05	0.0231	AAGAAAGCGATTTAAT
EXPREG_00000d10	CcpA_C.difficile	Streptococcus_mitis|smi0133	330	345	+	11.7143	3.25e-05	0.0231	GATAAAGCGTTTACTT
EXPREG_00000d10	CcpA_C.difficile	Pediococcus_pentosaceus|PEPE0152	178	193	+	11.6905	3.3e-05	0.0234	AATTAAACGTTAACTA
EXPREG_00000d10	CcpA_C.difficile	Anoxybacillus_flavithermus|Aflv2303	82	97	+	11.6786	3.32e-05	0.0234	ATGAAATCGATTACAT
EXPREG_00000d10	CcpA_C.difficile	Streptococcus_thermophilus|str1734	144	159	+	11.6786	3.32e-05	0.0234	AGTGAAACGTTTTCAA
EXPREG_00000d10	CcpA_C.difficile	Clostridium_acetobutylicum|CAC0827	255	270	+	11.6667	3.35e-05	0.0236	AAGAGAAATTTTTCAA
EXPREG_00000d10	CcpA_C.difficile	Streptococcus_anginosus|SanJ42111739c	93	108	+	11.6548	3.37e-05	0.0236	AAGAAAACGATTCTAT
EXPREG_00000d10	CcpA_C.difficile	Streptococcus_suis|SSU0482	246	261	+	11.6548	3.37e-05	0.0236	TAGAAAATGCTTGCAA
EXPREG_00000d10	CcpA_C.difficile	Streptococcus_mitis|smi0603	44	59	+	11.6429	3.39e-05	0.0237	ATGAAAACGTATACAA
EXPREG_00000d10	CcpA_C.difficile	Streptococcus_gordonii|SGO1649	87	102	+	11.631	3.42e-05	0.0237	TAGAAAATTTTAGCCT
EXPREG_00000d10	CcpA_C.difficile	Streptococcus_suis|SSU1701	104	119	+	11.631	3.42e-05	0.0237	AAGTAAACTATTTCAG
EXPREG_00000d10	CcpA_C.difficile	Streptococcus_thermophilus|str1051	6	21	+	11.619	3.44e-05	0.0237	AGAAAAACAATTACTT
EXPREG_00000d10	CcpA_C.difficile	Bacillus_amyloliquefaciens|BAXH704002	25	40	+	11.619	3.44e-05	0.0237	ATGAAAGCGATTTCAT
EXPREG_00000d10	CcpA_C.difficile	Bacillus_subtilis|BSU38590	53	68	+	11.619	3.44e-05	0.0237	ATGAAAGCGATTTCAT
EXPREG_00000d10	CcpA_C.difficile	Enterococcus_faecalis|EF3027	256	271	+	11.619	3.44e-05	0.0237	TGTATAACTTTTTCAT
EXPREG_00000d10	CcpA_C.difficile	Streptococcus_suis|SSU1611	40	55	+	11.6071	3.46e-05	0.0238	AAAAAAATGTTTTTCT
EXPREG_00000d10	CcpA_C.difficile	Paenibacillus_polymyxa|PPSQR21043290	104	119	+	11.5952	3.48e-05	0.0239	TTGTAAACGTTTACTA
EXPREG_00000d10	CcpA_C.difficile	Clostridioides_difficile|CD63007580	52	67	+	11.5714	3.53e-05	0.024	AATAAAAGGCTATCTT
EXPREG_00000d10	CcpA_C.difficile	Lactobacillus_sakei|C021309025	60	75	+	11.5714	3.53e-05	0.024	TTGAAAAAGATTTCCA
EXPREG_00000d10	CcpA_C.difficile	Clostridioides_difficile|CD63005800	302	317	+	11.5714	3.53e-05	0.024	AAAGAAATGTTTACAT
EXPREG_00000d10	CcpA_C.difficile	Clostridium_kluyveri|CKL1447	29	44	+	11.5595	3.56e-05	0.024	TAGAAAAGTATTCCTT
EXPREG_00000d10	CcpA_C.difficile	Streptococcus_intermedius|SCIMRS01050	30	45	+	11.5595	3.56e-05	0.024	AAAATAACCTTTACAT
EXPREG_00000d10	CcpA_C.difficile	Streptococcus_anginosus|SanJ42110184	30	45	+	11.5595	3.56e-05	0.024	AAAATAACCTTTACAT
EXPREG_00000d10	CcpA_C.difficile	Pediococcus_pentosaceus|PEPE1623	297	312	+	11.5595	3.56e-05	0.024	TAGAAAGCGCTTTCTT
EXPREG_00000d10	CcpA_C.difficile	Streptococcus_gordonii|SGO0773	22	37	+	11.5476	3.58e-05	0.024	ATGAAAACGTTATTTT
EXPREG_00000d10	CcpA_C.difficile	Clostridioides_difficile|CD63002791	33	48	+	11.5476	3.58e-05	0.024	AAGAAAACGTTATTAC
EXPREG_00000d10	CcpA_C.difficile	Streptococcus_lutetiensis|KE3RS08675	134	149	+	11.5476	3.58e-05	0.024	GGGAAAACGCTTCCTT
EXPREG_00000d10	CcpA_C.difficile	Bacillus_anthracis|BF25RS25460	102	117	+	11.5357	3.6e-05	0.024	ACGAAAAAGTTTTTTT
EXPREG_00000d10	CcpA_C.difficile	Lactobacillus_rhamnosus|DU50707420	158	173	+	11.5357	3.6e-05	0.024	GATAAAACGCTTGCAT
EXPREG_00000d10	CcpA_C.difficile	Streptococcus_suis|SSU0927	76	91	+	11.5238	3.63e-05	0.0241	ATGTAAACATTTTCAA
EXPREG_00000d10	CcpA_C.difficile	Geobacillus_kaustophilus|GK2440	103	118	+	11.5119	3.65e-05	0.0243	GGAAAAAAGATTACAA
EXPREG_00000d10	CcpA_C.difficile	Streptococcus_lutetiensis|KE3RS03255	45	60	+	11.4881	3.71e-05	0.0245	TAGAAAAAGCTAACTT
EXPREG_00000d10	CcpA_C.difficile	Lactobacillus_salivarius|LSL0110	253	268	+	11.4881	3.71e-05	0.0245	GAATAAGCGTTTTCAT
EXPREG_00000d10	CcpA_C.difficile	Streptococcus_suis|SSU0613	233	248	+	11.4762	3.73e-05	0.0246	AAGAATTGATTTTCAT
EXPREG_00000d10	CcpA_C.difficile	Bacillus_subtilis|BSU06940	86	101	+	11.4524	3.78e-05	0.0247	ATGAAAGCGTTTTCCA
EXPREG_00000d10	CcpA_C.difficile	Streptococcus_lutetiensis|KE3RS07435	107	122	+	11.4524	3.78e-05	0.0247	TTGAAAACGTTTAAAA
EXPREG_00000d10	CcpA_C.difficile	Lactobacillus_pentosus|BB56202700	118	133	+	11.4524	3.78e-05	0.0247	AAGAAAGCGCTATCAT
EXPREG_00000d10	CcpA_C.difficile	Clostridium_tetani|CTC01514	413	428	+	11.4524	3.78e-05	0.0247	AAATTAAAGTTATCAT
EXPREG_00000d10	CcpA_C.difficile	Tetragenococcus_halophilus|AC806RS05845	80	95	+	11.4405	3.81e-05	0.0248	ATGAAAACGATTTATA
EXPREG_00000d10	CcpA_C.difficile	Oenococcus_oeni|OEOE0819	133	148	+	11.4405	3.81e-05	0.0248	AGTAAAACTTTTTCTG
EXPREG_00000d10	CcpA_C.difficile	Bacillus_anthracis|BF25RS07290	69	84	+	11.4286	3.84e-05	0.0248	GAAAAAATGTTTGAAT
EXPREG_00000d10	CcpA_C.difficile	Streptococcus_pyogenes|M5005Spy1607	76	91	+	11.4286	3.84e-05	0.0248	GAGAAAACTTTTGATA
EXPREG_00000d10	CcpA_C.difficile	Streptococcus_anginosus|SanJ42111052c	199	214	+	11.4286	3.84e-05	0.0248	GATAAAACGGTTACAA
EXPREG_00000d10	CcpA_C.difficile	Streptococcus_pneumoniae|SPD0632	116	131	+	11.4048	3.89e-05	0.025	TGAAAAACGATTTGCA
EXPREG_00000d10	CcpA_C.difficile	Bacillus_amyloliquefaciens|BAXH700790	142	157	+	11.4048	3.89e-05	0.025	ATGTAAACGTTATCAG
EXPREG_00000d10	CcpA_C.difficile	Streptococcus_anginosus|SanJ42110568	33	48	+	11.3929	3.92e-05	0.0251	AATAAAACTTTTTAAA
EXPREG_00000d10	CcpA_C.difficile	Clostridium_perfringens|CPF2863	112	127	+	11.381	3.94e-05	0.0253	TAGAAAAATTTATAAT
EXPREG_00000d10	CcpA_C.difficile	Streptococcus_suis|SSU1611	150	165	+	11.3214	4.07e-05	0.026	TAGAAAAAAATATCCA
EXPREG_00000d10	CcpA_C.difficile	Streptococcus_anginosus|SanJ42111672c	179	194	+	11.3214	4.07e-05	0.026	AAAAAAAGTTTTAGAA
EXPREG_00000d10	CcpA_C.difficile	Lactobacillus_sakei|C021301820	69	84	+	11.3095	4.1e-05	0.0261	TAGTAAGCGTTATCAA
EXPREG_00000d10	CcpA_C.difficile	Lactococcus_lactis|llmg1991	177	192	+	11.3095	4.1e-05	0.0261	AAGAATGCGTTTACAA
EXPREG_00000d10	CcpA_C.difficile	Streptococcus_pyogenes|M5005Spy0555	180	195	+	11.2976	4.13e-05	0.0261	TAGAAATCGATATAAT
EXPREG_00000d10	CcpA_C.difficile	Streptococcus_pyogenes|L89702980	180	195	+	11.2976	4.13e-05	0.0261	TAGAAATCGATATAAT
EXPREG_00000d10	CcpA_C.difficile	Pediococcus_pentosaceus|PEPE1250	95	110	+	11.2857	4.16e-05	0.0262	TTGATAACGTATTCAT
EXPREG_00000d10	CcpA_C.difficile	Corynebacterium_glutamicum|AC07912870	185	200	+	11.2857	4.16e-05	0.0262	AGGAAAAAGTTTTTCA
EXPREG_00000d10	CcpA_C.difficile	Streptococcus_lutetiensis|KE3RS03810	37	52	+	11.2738	4.19e-05	0.0262	TAGACAACGTTTTCTT
EXPREG_00000d10	CcpA_C.difficile	Streptococcus_gallolyticus|GALLO0944	37	52	+	11.2738	4.19e-05	0.0262	TAGACAACGTTTTCTT
EXPREG_00000d10	CcpA_C.difficile	Streptococcus_agalactiae|SAG1924	79	94	+	11.2738	4.19e-05	0.0262	GGAAAAACGTTAAAAT
EXPREG_00000d10	CcpA_C.difficile	Bacillus_thuringiensis|BMB171C0147	83	98	+	11.2619	4.21e-05	0.0263	AAGAAAACGTAAAAAT
EXPREG_00000d10	CcpA_C.difficile	Clostridium_beijerinckii|Cbei4125	38	53	+	11.25	4.24e-05	0.0264	AGGTAAACGATTTATT
EXPREG_00000d10	CcpA_C.difficile	Streptococcus_agalactiae|SAG0992	34	49	+	11.2381	4.27e-05	0.0265	AAGAAATACTTTTCAA
EXPREG_00000d10	CcpA_C.difficile	Lactobacillus_sakei|C021304610	90	105	+	11.2381	4.27e-05	0.0265	TAGTAAATGTTTAGTA
EXPREG_00000d10	CcpA_C.difficile	Streptococcus_lutetiensis|KE3RS07955	143	158	+	11.2143	4.33e-05	0.0268	AGAAAAACGGTTACAA
EXPREG_00000d10	CcpA_C.difficile	Streptococcus_gallolyticus|GALLO1953	145	160	+	11.2143	4.33e-05	0.0268	TGGAAAACGCTTCCTT
EXPREG_00000d10	CcpA_C.difficile	Streptococcus_suis|SSU1172	14	29	+	11.1905	4.39e-05	0.0269	CAGAAAACGGTTACAA
EXPREG_00000d10	CcpA_C.difficile	Lactococcus_lactis|llmg2237	32	47	+	11.1905	4.39e-05	0.0269	TAGAAAGGGTTTCCAA
EXPREG_00000d10	CcpA_C.difficile	Lactobacillus_acidophilus|LBA0084	332	347	+	11.1905	4.39e-05	0.0269	ACAAAAAAATTTTCAA
EXPREG_00000d10	CcpA_C.difficile	Paenibacillus_polymyxa|PPSQR21037770	328	343	+	11.1786	4.42e-05	0.0271	GAAAGTACGTTTTCAT
EXPREG_00000d10	CcpA_C.difficile	Streptococcus_mitis|smi0520	56	71	+	11.1667	4.45e-05	0.0271	TAGTAAAAGTTTAGTA
EXPREG_00000d10	CcpA_C.difficile	Streptococcus_gordonii|SGO1137	60	75	+	11.1548	4.48e-05	0.0271	AAGAAAACGATTTCGT
EXPREG_00000d10	CcpA_C.difficile	Streptococcus_anginosus|SanJ42111620c	82	97	+	11.1548	4.48e-05	0.0271	TTGAAAACCTTTACAT
EXPREG_00000d10	CcpA_C.difficile	Tetragenococcus_halophilus|AC806RS06675	205	220	+	11.1548	4.48e-05	0.0271	AAAAATACAATTTCTT
EXPREG_00000d10	CcpA_C.difficile	Clostridioides_difficile|CD63032440	232	247	+	11.1548	4.48e-05	0.0271	AAAAAATCTTTTTGTT
EXPREG_00000d10	CcpA_C.difficile	Pediococcus_pentosaceus|PEPE0206	26	41	+	11.1429	4.51e-05	0.0273	TATAAAACGCTTACAA
EXPREG_00000d10	CcpA_C.difficile	Streptococcus_uberis|SUB1008	41	56	+	11.131	4.54e-05	0.0273	TAGAATAGTTTTTGTT
EXPREG_00000d10	CcpA_C.difficile	Clostridium_beijerinckii|Cbei0596	294	309	+	11.131	4.54e-05	0.0273	AAAAAAAGTTTTCCTA
EXPREG_00000d10	CcpA_C.difficile	Tetragenococcus_halophilus|AC806RS00215	199	214	+	11.119	4.57e-05	0.0273	AATAAAACGCTTGCAA
EXPREG_00000d10	CcpA_C.difficile	Paenibacillus_polymyxa|PPSQR21019530	242	257	+	11.119	4.57e-05	0.0273	AGGAAAGCGTTTTAAA
EXPREG_00000d10	CcpA_C.difficile	Streptococcus_mutans|SMU1601	264	279	+	11.119	4.57e-05	0.0273	AAGGAAATTTTTTCTA
EXPREG_00000d10	CcpA_C.difficile	Streptococcus_anginosus|SanJ42110622c	291	306	+	11.119	4.57e-05	0.0273	GTGAAAACCATTTCAT
EXPREG_00000d10	CcpA_C.difficile	Streptococcus_gordonii|SGO2149	99	114	+	11.1071	4.6e-05	0.0274	GAAAAAACGTTAATTT
EXPREG_00000d10	CcpA_C.difficile	Enterococcus_faecalis|EF1069	141	156	+	11.1071	4.6e-05	0.0274	AAGAAAATATTAAGTA
EXPREG_00000d10	CcpA_C.difficile	Staphylococcus_aureus|SAOUHSC01846	87	102	+	11.0952	4.63e-05	0.0274	AAGTAAAAATTTTGAA
EXPREG_00000d10	CcpA_C.difficile	Lactobacillus_plantarum|lp0020	183	198	+	11.0952	4.63e-05	0.0274	TAATAATCGTTATCTT
EXPREG_00000d10	CcpA_C.difficile	Bacillus_megaterium|BMD1224	145	160	+	11.0833	4.66e-05	0.0275	GAAAAAAAGATAGCAA
EXPREG_00000d10	CcpA_C.difficile	Streptococcus_equi|Sez0326	130	145	+	11.0714	4.69e-05	0.0275	GGGAAAACGTTTCCCC
EXPREG_00000d10	CcpA_C.difficile	Streptococcus_mutans|SMU478	368	383	+	11.0714	4.69e-05	0.0275	GAGATAAAGTTAGGAA
EXPREG_00000d10	CcpA_C.difficile	Bacillus_megaterium|BMD0563	28	43	+	11.0595	4.72e-05	0.0275	ACGAAAACTCTTTCTT
EXPREG_00000d10	CcpA_C.difficile	Streptococcus_pneumoniae|SPD1635	39	54	+	11.0595	4.72e-05	0.0275	GTGTAATCGTTTTCTT
EXPREG_00000d10	CcpA_C.difficile	Streptococcus_mitis|smi0519	40	55	+	11.0595	4.72e-05	0.0275	GTGTAATCGTTTTCTT
EXPREG_00000d10	CcpA_C.difficile	Lactobacillus_reuteri|LAR1662	71	86	+	11.0595	4.72e-05	0.0275	GTGTAATCGTTTTCTT
EXPREG_00000d10	CcpA_C.difficile	Lactobacillus_reuteri|LAR0364	149	164	+	11.0595	4.72e-05	0.0275	ATTAAATCGTTTTCAA
EXPREG_00000d10	CcpA_C.difficile	Streptococcus_uberis|SUB0152	136	151	+	11.0476	4.75e-05	0.0277	AGTATAACGTTTTCAC
EXPREG_00000d10	CcpA_C.difficile	Streptococcus_mitis|smi1022	7	22	+	11.0357	4.79e-05	0.0277	AAGATAATTTTTTATT
EXPREG_00000d10	CcpA_C.difficile	Lactococcus_lactis|llmg1127	62	77	+	11.0357	4.79e-05	0.0277	GAGAAATCGCTAACAT
EXPREG_00000d10	CcpA_C.difficile	Streptococcus_pyogenes|L89701020	154	169	+	11.0238	4.82e-05	0.0278	AAAAGAAGGATTTCTA
EXPREG_00000d10	CcpA_C.difficile	Streptococcus_pyogenes|M5005Spy0157	154	169	+	11.0238	4.82e-05	0.0278	AAAAGAAGGATTTCTA
EXPREG_00000d10	CcpA_C.difficile	Streptococcus_gordonii|SGO0043	107	122	+	11.0119	4.85e-05	0.028	ATGAAAGAGTTTTCTT
EXPREG_00000d10	CcpA_C.difficile	Leuconostoc_mesenteroides|LEUM0962	96	111	+	11	4.88e-05	0.028	AAGAGAATATTATCTT
EXPREG_00000d10	CcpA_C.difficile	Clostridioides_difficile|CD63013350	179	194	+	11	4.88e-05	0.028	AAAAAAATGATAAGAT
EXPREG_00000d10	CcpA_C.difficile	Enterococcus_faecalis|EF1345	47	62	+	10.9881	4.91e-05	0.028	AAAAAAACTTTTTTAA
EXPREG_00000d10	CcpA_C.difficile	Streptococcus_suis|SSU0688	60	75	+	10.9881	4.91e-05	0.028	AAAAATAGTTTTTCTA
EXPREG_00000d10	CcpA_C.difficile	Bacillus_amyloliquefaciens|BAXH704078	152	167	+	10.9881	4.91e-05	0.028	GAAAAAAAGTTTTGAC
EXPREG_00000d10	CcpA_C.difficile	Streptococcus_anginosus|SanJ42111848c	173	188	+	10.9881	4.91e-05	0.028	AAGAAAATGATTCAAT
EXPREG_00000d10	CcpA_C.difficile	Clostridium_botulinum|CBO0279	109	124	+	10.9762	4.95e-05	0.028	AAAATAAGGTATACAT
EXPREG_00000d10	CcpA_C.difficile	Streptococcus_pyogenes|L89705580	150	165	+	10.9762	4.95e-05	0.028	TAGAATAAGATTACTA
EXPREG_00000d10	CcpA_C.difficile	Streptococcus_pyogenes|M5005Spy1119	150	165	+	10.9762	4.95e-05	0.028	TAGAATAAGATTACTA
EXPREG_00000d10	CcpA_C.difficile	Streptococcus_uberis|SUB0236	18	33	+	10.9405	5.05e-05	0.0285	TAGAAAACGCTTTACA
EXPREG_00000d10	CcpA_C.difficile	Lactobacillus_plantarum|lp3486	272	287	+	10.9286	5.08e-05	0.0286	CTGAAAACGATTACAT
EXPREG_00000d10	CcpA_C.difficile	Clostridium_perfringens|CPF0089	280	295	+	10.9286	5.08e-05	0.0286	AAGTTAAGTTTTACTT
EXPREG_00000d10	CcpA_C.difficile	Streptococcus_intermedius|SCIMRS01880	75	90	+	10.9167	5.11e-05	0.0286	GAGAAAACGCTTAAAA
EXPREG_00000d10	CcpA_C.difficile	Streptococcus_dysgalactiae|SDEG1537	167	182	+	10.9167	5.11e-05	0.0286	AAAAGAATGATTTCTT
EXPREG_00000d10	CcpA_C.difficile	Lactobacillus_johnsonii|LJ0611	39	54	+	10.9048	5.15e-05	0.0286	AAGAAAACGCTTGCAC
EXPREG_00000d10	CcpA_C.difficile	Streptococcus_uberis|SUB0666	160	175	+	10.9048	5.15e-05	0.0286	AAGAAAGCGTAATCAA
EXPREG_00000d10	CcpA_C.difficile	Streptococcus_pyogenes|L89703920	206	221	+	10.9048	5.15e-05	0.0286	TAGAAAGCGATTTAAT
EXPREG_00000d10	CcpA_C.difficile	Streptococcus_pyogenes|M5005Spy0751	206	221	+	10.9048	5.15e-05	0.0286	TAGAAAGCGATTTAAT
EXPREG_00000d10	CcpA_C.difficile	Bacillus_anthracis|BF25RS04615	24	39	+	10.8929	5.18e-05	0.0287	ATGAAAACGTTAAAAA
EXPREG_00000d10	CcpA_C.difficile	Bacillus_thuringiensis|BMB171C3713	25	40	+	10.8929	5.18e-05	0.0287	ATGAAAACGTTAAAAA
EXPREG_00000d10	CcpA_C.difficile	Streptococcus_gallolyticus|GALLO1123	179	194	+	10.8929	5.18e-05	0.0287	GAAAAATCTTTTACAA
EXPREG_00000d10	CcpA_C.difficile	Clostridium_beijerinckii|Cbei0047	18	33	+	10.869	5.25e-05	0.0288	AATAAAAGATTTTATT
EXPREG_00000d10	CcpA_C.difficile	Clostridium_tetani|CTC01034	45	60	+	10.869	5.25e-05	0.0288	TGGATAACGATTTATA
EXPREG_00000d10	CcpA_C.difficile	Tetragenococcus_halophilus|AC806RS01145	98	113	+	10.869	5.25e-05	0.0288	GATAAAAAAATTTCAA
EXPREG_00000d10	CcpA_C.difficile	Streptococcus_mutans|SMU1102	174	189	+	10.869	5.25e-05	0.0288	AAGAAAAAATAATCAA
EXPREG_00000d10	CcpA_C.difficile	Tetragenococcus_halophilus|AC806RS01145	242	257	+	10.869	5.25e-05	0.0288	TAAAAAACCTTATGAT
EXPREG_00000d10	CcpA_C.difficile	Streptococcus_dysgalactiae|SDEG1407	68	83	+	10.8571	5.28e-05	0.0289	AAAATAAAGTTATAAT
EXPREG_00000d10	CcpA_C.difficile	Streptococcus_mitis|smi0133	129	144	+	10.8571	5.28e-05	0.0289	TTAAAAAGTTTTTCTT
EXPREG_00000d10	CcpA_C.difficile	Leuconostoc_mesenteroides|LEUM0275	19	34	+	10.8452	5.32e-05	0.0289	AAAAAAAGTTTATAAT
EXPREG_00000d10	CcpA_C.difficile	Streptococcus_thermophilus|str0487	70	85	+	10.8452	5.32e-05	0.0289	TAGAAAAAGTATTATT
EXPREG_00000d10	CcpA_C.difficile	Bacillus_anthracis|BF25RS03385	30	45	+	10.8333	5.36e-05	0.0289	AAGTAAACTTTTTTAT
EXPREG_00000d10	CcpA_C.difficile	Bacillus_thuringiensis|BMB171C3956	32	47	+	10.8333	5.36e-05	0.0289	AAGTAAACTTTTTTAT
EXPREG_00000d10	CcpA_C.difficile	Streptococcus_equi|Sez1717	93	108	+	10.8333	5.36e-05	0.0289	GAGAAAACGCTTTAAG
EXPREG_00000d10	CcpA_C.difficile	Streptococcus_dysgalactiae|SDEG0336	99	114	+	10.8333	5.36e-05	0.0289	GAGAAAACGCTTTAAG
EXPREG_00000d10	CcpA_C.difficile	Streptococcus_pneumoniae|SPD0771	82	97	+	10.8214	5.39e-05	0.029	AAGAAAATGATAAAAA
EXPREG_00000d10	CcpA_C.difficile	Streptococcus_mitis|smi1359	83	98	+	10.8214	5.39e-05	0.029	AAGAAAATGATAAAAA
EXPREG_00000d10	CcpA_C.difficile	Streptococcus_mutans|SMU1534	125	140	+	10.8214	5.39e-05	0.029	AAGAATAGGTTAGGAA
EXPREG_00000d10	CcpA_C.difficile	Streptococcus_anginosus|SanJ42110382c	130	145	+	10.8095	5.43e-05	0.0291	AATAATAAGTTTACAA
EXPREG_00000d10	CcpA_C.difficile	Bacillus_subtilis|BSU16090	44	59	+	10.7857	5.49e-05	0.0292	AAGTAAAAGTTTGAAT
EXPREG_00000d10	CcpA_C.difficile	Streptococcus_thermophilus|str1403	103	118	+	10.7857	5.49e-05	0.0292	AAATAAAAGTTATGTT
EXPREG_00000d10	CcpA_C.difficile	Lactobacillus_fermentum|LAF1792	123	138	+	10.7857	5.49e-05	0.0292	GGTAAAAGTTTTACTT
EXPREG_00000d10	CcpA_C.difficile	Streptococcus_agalactiae|SAG0054	130	145	+	10.7857	5.49e-05	0.0292	ATGTAAACGATTACAA
EXPREG_00000d10	CcpA_C.difficile	Lactobacillus_casei|LCABL29250	187	202	+	10.7738	5.53e-05	0.0294	GTGAAAACGGTTACAA
EXPREG_00000d10	CcpA_C.difficile	Streptococcus_agalactiae|SAG0797	80	95	+	10.7619	5.57e-05	0.0295	AATAAAAAGATTAGTT
EXPREG_00000d10	CcpA_C.difficile	Streptococcus_anginosus|SanJ42110969	186	201	+	10.7619	5.57e-05	0.0295	AATAAAATTTTTGCAA
EXPREG_00000d10	CcpA_C.difficile	Lactobacillus_sakei|C021308865	123	138	+	10.75	5.6e-05	0.0296	AATAAATAGTTTTCTG
EXPREG_00000d10	CcpA_C.difficile	Bacillus_anthracis|BF25RS11600	12	27	+	10.7381	5.64e-05	0.0296	TAAGAAACGTTTGCCT
EXPREG_00000d10	CcpA_C.difficile	Streptococcus_gallolyticus|GALLO1781	47	62	+	10.7381	5.64e-05	0.0296	GGAAAAACGGTTACAA
EXPREG_00000d10	CcpA_C.difficile	Lactococcus_lactis|llmg0956	15	30	+	10.7262	5.68e-05	0.0296	GAGATAACGATTACCC
EXPREG_00000d10	CcpA_C.difficile	Lactobacillus_sakei|C021309330	60	75	+	10.7262	5.68e-05	0.0296	ATGGAAACGATTTCAA
EXPREG_00000d10	CcpA_C.difficile	Lactobacillus_pentosus|BB56206205	135	150	+	10.7262	5.68e-05	0.0296	ATGAAAGCGATTTCAA
EXPREG_00000d10	CcpA_C.difficile	Lactobacillus_plantarum|lp2256	144	159	+	10.7262	5.68e-05	0.0296	ATGAAAGCGATTTCAA
EXPREG_00000d10	CcpA_C.difficile	Streptococcus_intermedius|SCIMRS04540	244	259	+	10.7262	5.68e-05	0.0296	TTGTAATCGTTTTCTT
EXPREG_00000d10	CcpA_C.difficile	Lactobacillus_casei|LCABL28740	220	235	+	10.7143	5.71e-05	0.0298	AAGAAATTATTTTGCT
EXPREG_00000d10	CcpA_C.difficile	Lactobacillus_salivarius|LSL0420	45	60	+	10.7024	5.75e-05	0.0298	AAGAAAAAATTTAATA
EXPREG_00000d10	CcpA_C.difficile	Lactobacillus_sakei|C021308430	223	238	+	10.7024	5.75e-05	0.0298	TTGAATTCGTTTTCAT
EXPREG_00000d10	CcpA_C.difficile	Streptococcus_mitis|smi0134	338	353	+	10.7024	5.75e-05	0.0298	AGAAAAACTTTTTAAA
EXPREG_00000d10	CcpA_C.difficile	Bacillus_subtilis|BSU14380	219	234	+	10.6905	5.79e-05	0.0298	AAAATAGCGTTTACAA
EXPREG_00000d10	CcpA_C.difficile	Streptococcus_intermedius|SCIMRS09060	251	266	+	10.6905	5.79e-05	0.0298	AAGAAAACGTTTGCGT
EXPREG_00000d10	CcpA_C.difficile	Streptococcus_gordonii|SGO0104	262	277	+	10.6905	5.79e-05	0.0298	AAGAAAACGTTTGCGT
EXPREG_00000d10	CcpA_C.difficile	Clostridium_perfringens|CPF0258	138	153	+	10.6786	5.83e-05	0.03	AAAAAAATAATATCTA
EXPREG_00000d10	CcpA_C.difficile	Streptococcus_mitis|smi1160	109	124	+	10.6667	5.86e-05	0.03	AAGTAATCGCTTTCTT
EXPREG_00000d10	CcpA_C.difficile	Streptococcus_pneumoniae|SPD1010	110	125	+	10.6667	5.86e-05	0.03	AAGTAATCGCTTTCTT
EXPREG_00000d10	CcpA_C.difficile	Streptococcus_gordonii|SGO0405	176	191	+	10.6667	5.86e-05	0.03	AAGAAACCGTTTACAT
EXPREG_00000d10	CcpA_C.difficile	Lactobacillus_pentosus|BB56209155	338	353	+	10.6667	5.86e-05	0.03	AAGAAAGCGCTTACTT
EXPREG_00000d10	CcpA_C.difficile	Clostridium_perfringens|CPF1827	89	104	+	10.6548	5.9e-05	0.03	GATAAAAAGTCTTCAA
EXPREG_00000d10	CcpA_C.difficile	Streptococcus_intermedius|SCIMRS09055	118	133	+	10.6548	5.9e-05	0.03	AAAAAATTATTTTCCT
EXPREG_00000d10	CcpA_C.difficile	Bacillus_megaterium|BMD1282	183	198	+	10.6548	5.9e-05	0.03	AAGAAAGCGTTTTATG
EXPREG_00000d10	CcpA_C.difficile	Streptococcus_mitis|smi0157	241	256	+	10.6548	5.9e-05	0.03	AAGTAAGCGTTATGAT
EXPREG_00000d10	CcpA_C.difficile	Lactobacillus_reuteri|LAR0491	171	186	+	10.6429	5.94e-05	0.03	ATGAAAAAGTAATCAT
EXPREG_00000d10	CcpA_C.difficile	Clostridioides_difficile|CD63022410	174	189	+	10.6429	5.94e-05	0.03	GAGAAAAAAATATGAA
EXPREG_00000d10	CcpA_C.difficile	Clostridium_botulinum|CBO1802	329	344	+	10.6429	5.94e-05	0.03	GATAAAATTTTAACAT
EXPREG_00000d10	CcpA_C.difficile	Streptococcus_agalactiae|SAG1959	67	82	+	10.631	5.98e-05	0.0301	AAGTAAGGGTTTACAA
EXPREG_00000d10	CcpA_C.difficile	Streptococcus_equi|Sez1959	127	142	+	10.631	5.98e-05	0.0301	TAGAAAAGGGTTTATA
EXPREG_00000d10	CcpA_C.difficile	Streptococcus_pneumoniae|SPD0093	1	16	+	10.619	6.01e-05	0.0301	ACAAAAACGCTTACAT
EXPREG_00000d10	CcpA_C.difficile	Pediococcus_pentosaceus|PEPE1360	38	53	+	10.619	6.01e-05	0.0301	AAGAAAGCGGTTACTT
EXPREG_00000d10	CcpA_C.difficile	Lactococcus_lactis|llmg0185	53	68	+	10.619	6.01e-05	0.0301	AAGTAAACGCTAACAA
EXPREG_00000d10	CcpA_C.difficile	Bacillus_anthracis|BF25RS16470	82	97	+	10.6071	6.05e-05	0.0302	AGTAAAACGTTTTATG
EXPREG_00000d10	CcpA_C.difficile	Streptococcus_intermedius|SCIMRS09490	87	102	+	10.6071	6.05e-05	0.0302	TGGAAAACTTTTAAAA
EXPREG_00000d10	CcpA_C.difficile	Enterococcus_faecalis|EF1741	107	122	+	10.5952	6.09e-05	0.0302	GATAAAACGGTTGCAA
EXPREG_00000d10	CcpA_C.difficile	Streptococcus_mutans|SMU82	229	244	+	10.5952	6.09e-05	0.0302	AAGAAAAATATTTAAA
EXPREG_00000d10	CcpA_C.difficile	Streptococcus_suis|SSU1562	11	26	+	10.5833	6.14e-05	0.0302	GAAAAAACTCTTTCTA
EXPREG_00000d10	CcpA_C.difficile	Streptococcus_anginosus|SanJ42110356	76	91	+	10.5833	6.14e-05	0.0302	TAGAAAACGCTTAAAA
EXPREG_00000d10	CcpA_C.difficile	Clostridium_perfringens|CPF0854	78	93	+	10.5833	6.14e-05	0.0302	AAGAAAATTTTTAATA
EXPREG_00000d10	CcpA_C.difficile	Streptococcus_gordonii|SGO1232	82	97	+	10.5833	6.14e-05	0.0302	CTAAAAACGTTTACAT
EXPREG_00000d10	CcpA_C.difficile	Enterococcus_faecalis|EF2470	123	138	+	10.5833	6.14e-05	0.0302	TATAAAAGGATTAGAA
EXPREG_00000d10	CcpA_C.difficile	Lactobacillus_salivarius|LSL1084	164	179	+	10.5833	6.14e-05	0.0302	TAGAAAATAATAACTA
EXPREG_00000d10	CcpA_C.difficile	Clostridium_perfringens|CPF0161	425	440	+	10.5714	6.18e-05	0.0303	AATAAAAAGTTATATA
EXPREG_00000d10	CcpA_C.difficile	Clostridium_novyi|NT01CX1588	144	159	+	10.5595	6.22e-05	0.0304	AATTAAACGTTTTTAT
EXPREG_00000d10	CcpA_C.difficile	Lactobacillus_plantarum|lp3313	346	361	+	10.5595	6.22e-05	0.0304	CAAAAAATGTTATGAT
EXPREG_00000d10	CcpA_C.difficile	Lactobacillus_pentosus|BB56215165	349	364	+	10.5595	6.22e-05	0.0304	CAAAAAATGTTATGAT
EXPREG_00000d10	CcpA_C.difficile	Staphylococcus_aureus|SAOUHSC02516	115	130	+	10.5357	6.29e-05	0.0307	TGAAAAACTATTTCCA
EXPREG_00000d10	CcpA_C.difficile	Streptococcus_mitis|smi0133	185	200	+	10.5	6.42e-05	0.0312	GGAATAAGGTTTTCAC
EXPREG_00000d10	CcpA_C.difficile	Lactobacillus_rhamnosus|DU50701390	1	16	+	10.4881	6.46e-05	0.0312	TGAAAAAGGATAGCTT
EXPREG_00000d10	CcpA_C.difficile	Bacillus_subtilis|BSU05810	48	63	+	10.4881	6.46e-05	0.0312	TAGAAAAATTTATAAA
EXPREG_00000d10	CcpA_C.difficile	Streptococcus_intermedius|SCIMRS05275	142	157	+	10.4881	6.46e-05	0.0312	TAGTAAAAATTTACTA
EXPREG_00000d10	CcpA_C.difficile	Paenibacillus_polymyxa|PPSQR21026220	194	209	+	10.4881	6.46e-05	0.0312	ATGAAAAGGTATACAA
EXPREG_00000d10	CcpA_C.difficile	Bacillus_clausii|ABC0630	258	273	+	10.4881	6.46e-05	0.0312	AAAAAAACAATTTCTC
EXPREG_00000d10	CcpA_C.difficile	Lactobacillus_pentosus|BB56208400	180	195	+	10.4643	6.54e-05	0.0316	GCGAAAACTATAACTT
EXPREG_00000d10	CcpA_C.difficile	Anoxybacillus_flavithermus|Aflv2793	147	162	+	10.4524	6.58e-05	0.0317	AAAAAATGTTTTTGAT
EXPREG_00000d10	CcpA_C.difficile	Streptococcus_intermedius|SCIMRS01780	182	197	+	10.4524	6.58e-05	0.0317	AATATTACATTTTCAT
EXPREG_00000d10	CcpA_C.difficile	Streptococcus_thermophilus|str0592	7	22	+	10.4405	6.63e-05	0.0317	AAGTAAAGGCTTGCTT
EXPREG_00000d10	CcpA_C.difficile	Streptococcus_intermedius|SCIMRS03750	22	37	+	10.4405	6.63e-05	0.0317	AAAATATCGTTTTCAC
EXPREG_00000d10	CcpA_C.difficile	Streptococcus_anginosus|SanJ42110690c	22	37	+	10.4405	6.63e-05	0.0317	AAAATATCGTTTTCAC
EXPREG_00000d10	CcpA_C.difficile	Lactobacillus_salivarius|LSL1362	215	230	+	10.4405	6.63e-05	0.0317	TAAAAAAAGCTTACTT
EXPREG_00000d10	CcpA_C.difficile	Bacillus_megaterium|BMD5039	26	41	+	10.4286	6.67e-05	0.0318	TAGAATAGATTTTGTA
EXPREG_00000d10	CcpA_C.difficile	Streptococcus_uberis|SUB0748	41	56	+	10.4286	6.67e-05	0.0318	AAGAAAATGATAGATT
EXPREG_00000d10	CcpA_C.difficile	Streptococcus_lutetiensis|KE3RS07430	239	254	+	10.4167	6.71e-05	0.0319	TATGAAAAGTTTTCAA
EXPREG_00000d10	CcpA_C.difficile	Tetragenococcus_halophilus|AC806RS03290	178	193	+	10.4048	6.76e-05	0.0321	TAGAAAAAATTTGAAT
EXPREG_00000d10	CcpA_C.difficile	Streptococcus_thermophilus|str1431	28	43	+	10.381	6.84e-05	0.0324	GGGAAAAGGTATTCAC
EXPREG_00000d10	CcpA_C.difficile	Bacillus_subtilis|BSU02980	78	93	+	10.381	6.84e-05	0.0324	ATAAAAGCGTTTTCAA
EXPREG_00000d10	CcpA_C.difficile	Lactobacillus_reuteri|LAR0299	111	126	+	10.369	6.89e-05	0.0325	GATAAAACGATTAAAA
EXPREG_00000d10	CcpA_C.difficile	Streptococcus_pneumoniae|SPD1409	131	146	+	10.369	6.89e-05	0.0325	TAATAAAGATTATCTT
EXPREG_00000d10	CcpA_C.difficile	Streptococcus_pyogenes|L89707125	130	145	+	10.3571	6.93e-05	0.0325	AAAAAAATGGTAACAT
EXPREG_00000d10	CcpA_C.difficile	Streptococcus_pyogenes|M5005Spy1477	130	145	+	10.3571	6.93e-05	0.0325	AAAAAAATGGTAACAT
EXPREG_00000d10	CcpA_C.difficile	Bacillus_licheniformis|B14RS02570	1	16	+	10.3452	6.97e-05	0.0325	CGGAAAAGTTTTTGAT
EXPREG_00000d10	CcpA_C.difficile	Bacillus_licheniformis|BLi03960	2	17	+	10.3452	6.97e-05	0.0325	CGGAAAAGTTTTTGAT
EXPREG_00000d10	CcpA_C.difficile	Clostridioides_difficile|CD63026000	56	71	+	10.3452	6.97e-05	0.0325	TAAAAAAGTATTACTA
EXPREG_00000d10	CcpA_C.difficile	Bacillus_subtilis|BSU08180	90	105	+	10.3452	6.97e-05	0.0325	AAAAGAACCTTTTCAT
EXPREG_00000d10	CcpA_C.difficile	Geobacillus_kaustophilus|GK2387	341	356	+	10.3452	6.97e-05	0.0325	AATAAAAGGATTTTTT
EXPREG_00000d10	CcpA_C.difficile	Clostridium_tetani|CTC01132	105	120	+	10.3333	7.02e-05	0.0327	AAGAAAAAAATTAGTA
EXPREG_00000d10	CcpA_C.difficile	Oenococcus_oeni|OEOE1544	28	43	+	10.3214	7.06e-05	0.0327	AAAAAAAGGATTAATA
EXPREG_00000d10	CcpA_C.difficile	Streptococcus_pneumoniae|SPD1012	81	96	+	10.3214	7.06e-05	0.0327	AAGATAACGTTTTTTC
EXPREG_00000d10	CcpA_C.difficile	Streptococcus_mitis|smi1159	82	97	+	10.3214	7.06e-05	0.0327	AAGATAACGTTTTTTC
EXPREG_00000d10	CcpA_C.difficile	Enterococcus_faecalis|EF0255	129	144	+	10.3214	7.06e-05	0.0327	AAAAAAATTTTTAGAA
EXPREG_00000d10	CcpA_C.difficile	Streptococcus_lutetiensis|KE3RS05450	37	52	+	10.3095	7.11e-05	0.0328	TAGGAAATTTTTTCTA
EXPREG_00000d10	CcpA_C.difficile	Enterococcus_faecalis|EF1871	41	56	+	10.2857	7.2e-05	0.033	GAAAATACGATTGCTA
EXPREG_00000d10	CcpA_C.difficile	Clostridium_botulinum|CBO0345	93	108	+	10.2857	7.2e-05	0.033	AAGTATATTTTTTCAT
EXPREG_00000d10	CcpA_C.difficile	Tetragenococcus_halophilus|AC806RS08085	187	202	+	10.2857	7.2e-05	0.033	AAGTTAAAGTTTAGAA
EXPREG_00000d10	CcpA_C.difficile	Paenibacillus_polymyxa|PPSQR21019530	197	212	+	10.2857	7.2e-05	0.033	ATGATAATGATATCAA
EXPREG_00000d10	CcpA_C.difficile	Streptococcus_thermophilus|str0370	22	37	+	10.2619	7.29e-05	0.033	ATGAAAAGGATATAAT
EXPREG_00000d10	CcpA_C.difficile	Streptococcus_lutetiensis|KE3RS03255	77	92	+	10.2619	7.29e-05	0.033	AAGTAAGGGATTTCAA
EXPREG_00000d10	CcpA_C.difficile	Streptococcus_pyogenes|M5005Spy1275	93	108	+	10.2619	7.29e-05	0.033	AAGTAAACGAATACAA
EXPREG_00000d10	CcpA_C.difficile	Streptococcus_pyogenes|L89706355	94	109	+	10.2619	7.29e-05	0.033	AAGTAAACGAATACAA
EXPREG_00000d10	CcpA_C.difficile	Streptococcus_dysgalactiae|SDEG1548	94	109	+	10.2619	7.29e-05	0.033	AAGTAAACGAATACAA
EXPREG_00000d10	CcpA_C.difficile	Bacillus_thuringiensis|BMB171C4314	225	240	+	10.2619	7.29e-05	0.033	TAAAATAAGATTTCTA
EXPREG_00000d10	CcpA_C.difficile	Streptococcus_mutans|SMU1138	8	23	+	10.25	7.33e-05	0.033	TAGAATACATTTTGAG
EXPREG_00000d10	CcpA_C.difficile	Clostridioides_difficile|CD63012140	101	116	+	10.25	7.33e-05	0.033	TGTAAAAAGTTTAGTT
EXPREG_00000d10	CcpA_C.difficile	Bacillus_amyloliquefaciens|BAXH704012	117	132	+	10.25	7.33e-05	0.033	ATGAAAACGTTTTAAC
EXPREG_00000d10	CcpA_C.difficile	Streptococcus_lutetiensis|KE3RS07430	221	236	+	10.25	7.33e-05	0.033	TTTTAAACGTTTTCAA
EXPREG_00000d10	CcpA_C.difficile	Streptococcus_pneumoniae|SPD2033	52	67	+	10.2381	7.38e-05	0.033	ACAAAAATGTTTAGAA
EXPREG_00000d10	CcpA_C.difficile	Streptococcus_mitis|smi2056	52	67	+	10.2381	7.38e-05	0.033	ACAAAAATGTTTAGAA
EXPREG_00000d10	CcpA_C.difficile	Lactococcus_lactis|llmg0158	56	71	+	10.2381	7.38e-05	0.033	ATGAAAACCTTTGCAA
EXPREG_00000d10	CcpA_C.difficile	Lactobacillus_sakei|C021306080	108	123	+	10.2381	7.38e-05	0.033	AAAAAAACACTTTGAT
EXPREG_00000d10	CcpA_C.difficile	Bacillus_subtilis|BSU12300	153	168	+	10.2381	7.38e-05	0.033	ATGTTAACGTTAACAT
EXPREG_00000d10	CcpA_C.difficile	Lactobacillus_casei|LCABL08700	214	229	+	10.2381	7.38e-05	0.033	AGTAAAACGCTTGCAT
EXPREG_00000d10	CcpA_C.difficile	Lactobacillus_rhamnosus|DU50704080	260	275	+	10.2381	7.38e-05	0.033	AGTAAAACGCTTGCAT
EXPREG_00000d10	CcpA_C.difficile	Streptococcus_gordonii|SGO0104	106	121	+	10.2262	7.43e-05	0.033	ATAAAAATTTTTTCAA
EXPREG_00000d10	CcpA_C.difficile	Bacillus_licheniformis|B14RS01165	188	203	+	10.2262	7.43e-05	0.033	AATAAAACATTTACAC
EXPREG_00000d10	CcpA_C.difficile	Clostridium_novyi|NT01CX1588	245	260	+	10.2262	7.43e-05	0.033	AAAATAATGATTTAAT
EXPREG_00000d10	CcpA_C.difficile	Clostridium_acetobutylicum|CAC2958	26	41	+	10.2143	7.48e-05	0.033	TAGTAATCGATTACTA
EXPREG_00000d10	CcpA_C.difficile	Lactococcus_lactis|llmg2237	155	170	+	10.2143	7.48e-05	0.033	AAATAAAGTTTTACAA
EXPREG_00000d10	CcpA_C.difficile	Clostridium_acetobutylicum|CAC2959	421	436	+	10.2143	7.48e-05	0.033	TAGTAATCGATTACTA
EXPREG_00000d10	CcpA_C.difficile	Bacillus_anthracis|BF25RS11300	96	111	+	10.2024	7.52e-05	0.033	ATGGAAACATTTTCTT
EXPREG_00000d10	CcpA_C.difficile	Bacillus_thuringiensis|BMB171C2550	97	112	+	10.2024	7.52e-05	0.033	ATGGAAACATTTTCTT
EXPREG_00000d10	CcpA_C.difficile	Streptococcus_mutans|SMU89c	147	162	+	10.2024	7.52e-05	0.033	ATGAAATCCTTTTCAT
EXPREG_00000d10	CcpA_C.difficile	Bacillus_subtilis|BSU26820	340	355	+	10.2024	7.52e-05	0.033	ATGATAGCGTTTTCTA
EXPREG_00000d10	CcpA_C.difficile	Streptococcus_agalactiae|SAG2163	14	29	+	10.1905	7.57e-05	0.033	AGTAAAAATTTTACTT
EXPREG_00000d10	CcpA_C.difficile	Streptococcus_equi|Sez0203	41	56	+	10.1905	7.57e-05	0.033	TAAAAAAGCTTTTGAA
EXPREG_00000d10	CcpA_C.difficile	Bacillus_subtilis|BSU39770	91	106	+	10.1905	7.57e-05	0.033	AATTAAACGCTTTCAA
EXPREG_00000d10	CcpA_C.difficile	Streptococcus_lutetiensis|KE3RS03810	202	217	+	10.1905	7.57e-05	0.033	ACGTAAAGGTTTAGAA
EXPREG_00000d10	CcpA_C.difficile	Streptococcus_gallolyticus|GALLO0944	202	217	+	10.1905	7.57e-05	0.033	ACGTAAAGGTTTAGAA
EXPREG_00000d10	CcpA_C.difficile	Lactobacillus_johnsonii|LJ0071	344	359	+	10.1905	7.57e-05	0.033	GTAAAAAAGTTATCCA
EXPREG_00000d10	CcpA_C.difficile	Lactococcus_lactis|llmg2431	16	31	+	10.1786	7.61e-05	0.0332	TAAAATAGTTTTTCCT
EXPREG_00000d10	CcpA_C.difficile	Clostridium_tetani|CTC00347	31	46	+	10.1667	7.66e-05	0.0333	AAAAAAACGTTATATC
EXPREG_00000d10	CcpA_C.difficile	Streptococcus_equi|Sez0941	87	102	+	10.1667	7.66e-05	0.0333	GAAAAAATGATTGGAA
EXPREG_00000d10	CcpA_C.difficile	Lactobacillus_sakei|C021300410	225	240	+	10.1667	7.66e-05	0.0333	TGGATAACTTTTTAAA
EXPREG_00000d10	CcpA_C.difficile	Lactobacillus_casei|LCABL10630	88	103	+	10.1548	7.71e-05	0.0333	TGGATAATTTTTTGTT
EXPREG_00000d10	CcpA_C.difficile	Streptococcus_agalactiae|SAG0878	100	115	+	10.1548	7.71e-05	0.0333	AAAAAAACTTATACAA
EXPREG_00000d10	CcpA_C.difficile	Staphylococcus_aureus|SAOUHSC00281	103	118	+	10.1548	7.71e-05	0.0333	AAATAAATGATTTGTT
EXPREG_00000d10	CcpA_C.difficile	Lactobacillus_helveticus|lhv0719	47	62	+	10.1429	7.76e-05	0.0334	AAAAAAACGCTTTGTG
EXPREG_00000d10	CcpA_C.difficile	Streptococcus_suis|SSU1637	153	168	+	10.1429	7.76e-05	0.0334	AAGAAAACGGTTCAAT
EXPREG_00000d10	CcpA_C.difficile	Bacillus_thuringiensis|BMB171C1215	450	465	+	10.1429	7.76e-05	0.0334	GAGTAAACTTTTAAAT
EXPREG_00000d10	CcpA_C.difficile	Lactobacillus_reuteri|LAR0392	79	94	+	10.131	7.81e-05	0.0335	TAAAAAACGCTTCCAA
EXPREG_00000d10	CcpA_C.difficile	Bacillus_clausii|ABC2673	189	204	+	10.131	7.81e-05	0.0335	AAAAAAACATTTGAAA
EXPREG_00000d10	CcpA_C.difficile	Lactococcus_lactis|llmg2432	120	135	+	10.119	7.86e-05	0.0336	TATAAAGCGATTTCTA
EXPREG_00000d10	CcpA_C.difficile	Streptococcus_thermophilus|str0634	151	166	+	10.119	7.86e-05	0.0336	ATGAAAAGGAATTCAA
EXPREG_00000d10	CcpA_C.difficile	Bacillus_anthracis|BF25RS26265	13	28	+	10.1071	7.91e-05	0.0336	AAGAAAAAATTTATTT
EXPREG_00000d10	CcpA_C.difficile	Bacillus_thuringiensis|BMB171C4910	14	29	+	10.1071	7.91e-05	0.0336	AAGAAAAAATTTATTT
EXPREG_00000d10	CcpA_C.difficile	Clostridioides_difficile|CD63027650	136	151	+	10.1071	7.91e-05	0.0336	AGGAAAATATTTTTTT
EXPREG_00000d10	CcpA_C.difficile	Lactobacillus_pentosus|BB56208775	178	193	+	10.1071	7.91e-05	0.0336	TAGAAAATGAATTGAA
EXPREG_00000d10	CcpA_C.difficile	Lactobacillus_reuteri|LAR0491	41	56	+	10.0952	7.96e-05	0.0336	ATGAAAATTATATCAT
EXPREG_00000d10	CcpA_C.difficile	Lactobacillus_fermentum|LAF1435	87	102	+	10.0952	7.96e-05	0.0336	GAGAAAAGATTTCATT
EXPREG_00000d10	CcpA_C.difficile	Streptococcus_pyogenes|L89700365	101	116	+	10.0952	7.96e-05	0.0336	AAGAAAGCGGTTTCAG
EXPREG_00000d10	CcpA_C.difficile	Streptococcus_pyogenes|M5005Spy0039	101	116	+	10.0952	7.96e-05	0.0336	AAGAAAGCGGTTTCAG
EXPREG_00000d10	CcpA_C.difficile	Bacillus_anthracis|BF25RS04410	173	188	+	10.0952	7.96e-05	0.0336	AAGAAAGCGTAAACAT
EXPREG_00000d10	CcpA_C.difficile	Lactobacillus_johnsonii|LJ1766	102	117	+	10.0833	8.01e-05	0.0337	AATAAAAAAATTACTT
EXPREG_00000d10	CcpA_C.difficile	Enterococcus_faecalis|EF1548	20	35	+	10.0714	8.06e-05	0.0337	AAGAAATCGCTTTATT
EXPREG_00000d10	CcpA_C.difficile	Bacillus_licheniformis|B14RS06710	54	69	+	10.0714	8.06e-05	0.0337	TATTAAGCGTTTTCAT
EXPREG_00000d10	CcpA_C.difficile	Bacillus_licheniformis|BLi03119	55	70	+	10.0714	8.06e-05	0.0337	TATTAAGCGTTTTCAT
EXPREG_00000d10	CcpA_C.difficile	Streptococcus_suis|SSU0644	66	81	+	10.0714	8.06e-05	0.0337	TAGAAAAATTTTTAAG
EXPREG_00000d10	CcpA_C.difficile	Streptococcus_anginosus|SanJ42110184	76	91	+	10.0714	8.06e-05	0.0337	TCTAAAATTTTTTCAT
EXPREG_00000d10	CcpA_C.difficile	Lactobacillus_fermentum|LAF0360	301	316	+	10.0714	8.06e-05	0.0337	TGAAAAACTTTTGCCA
EXPREG_00000d10	CcpA_C.difficile	Streptococcus_pneumoniae|SPD0404	90	105	+	10.0595	8.11e-05	0.0338	AAATAAACGTTAAAAT
EXPREG_00000d10	CcpA_C.difficile	Streptococcus_mitis|smi1825	91	106	+	10.0595	8.11e-05	0.0338	AAATAAACGTTAAAAT
EXPREG_00000d10	CcpA_C.difficile	Bacillus_megaterium|BMD4382	47	62	+	10.0476	8.16e-05	0.0339	TTGAAAACACTTTCAT
EXPREG_00000d10	CcpA_C.difficile	Oenococcus_oeni|OEOE0249	99	114	+	10.0476	8.16e-05	0.0339	ATGATAACGCTTACAT
EXPREG_00000d10	CcpA_C.difficile	Bacillus_amyloliquefaciens|BAXH703032	20	35	+	10.0357	8.21e-05	0.0339	TTGAAAACGCTTACTA
EXPREG_00000d10	CcpA_C.difficile	Lactobacillus_sakei|C021302065	156	171	+	10.0357	8.21e-05	0.0339	ACATTAACGTTTACAT
EXPREG_00000d10	CcpA_C.difficile	Bacillus_megaterium|BMD3744	167	182	+	10.0357	8.21e-05	0.0339	TAAAAAAGATTACCTT
EXPREG_00000d10	CcpA_C.difficile	Streptococcus_mitis|smi1315	205	220	+	10.0357	8.21e-05	0.0339	TATAAATAATTTTCAT
EXPREG_00000d10	CcpA_C.difficile	Pediococcus_pentosaceus|PEPE1831	268	283	+	10.0357	8.21e-05	0.0339	TAAAAAAGTTTATAAT
EXPREG_00000d10	CcpA_C.difficile	Lactobacillus_reuteri|LAR0379	135	150	+	10.0238	8.27e-05	0.0341	AAAAAAATGTTAAATA
EXPREG_00000d10	CcpA_C.difficile	Streptococcus_agalactiae|SAG1408	147	162	+	10.0119	8.32e-05	0.0342	GAAAAAACATTAAAAT
EXPREG_00000d10	CcpA_C.difficile	Streptococcus_suis|SSU0766	27	42	+	9.9881	8.42e-05	0.0345	AAGAAAATGATAGAAA
EXPREG_00000d10	CcpA_C.difficile	Lactococcus_lactis|llmg2237	154	169	+	9.9881	8.42e-05	0.0345	AAAATAAAGTTTTACA
EXPREG_00000d10	CcpA_C.difficile	Tetragenococcus_halophilus|AC806RS06890	15	30	+	9.97619	8.47e-05	0.0346	TTGTTAACGATTTCTT
EXPREG_00000d10	CcpA_C.difficile	Bacillus_clausii|ABC3026	110	125	+	9.97619	8.47e-05	0.0346	ATGTAAACGCTTTCTT
EXPREG_00000d10	CcpA_C.difficile	Streptococcus_gallolyticus|GALLO1462	198	213	+	9.97619	8.47e-05	0.0346	AAAAAATCATTATGTT
EXPREG_00000d10	CcpA_C.difficile	Lactococcus_lactis|llmg2418	322	337	+	9.96429	8.52e-05	0.0348	GGAAAAAGTTTTTAAT
EXPREG_00000d10	CcpA_C.difficile	Streptococcus_dysgalactiae|SDEG0062	120	135	+	9.95238	8.58e-05	0.0349	AAGAAAGGATTTTGCT
EXPREG_00000d10	CcpA_C.difficile	Streptococcus_anginosus|SanJ42110049	126	141	+	9.95238	8.58e-05	0.0349	ATGTAAACGATTGCAA
EXPREG_00000d10	CcpA_C.difficile	Streptococcus_gallolyticus|GALLO0664	69	84	+	9.94048	8.63e-05	0.0349	TTTAAAACGATTACAA
EXPREG_00000d10	CcpA_C.difficile	Streptococcus_dysgalactiae|SDEG0704	124	139	+	9.94048	8.63e-05	0.0349	AAGGTAAGGTTTTCAC
EXPREG_00000d10	CcpA_C.difficile	Clostridium_botulinum|CBO1199	162	177	+	9.94048	8.63e-05	0.0349	AATAAAATGATTTATA
EXPREG_00000d10	CcpA_C.difficile	Streptococcus_thermophilus|str1112	196	211	+	9.94048	8.63e-05	0.0349	TGGAAAATGATATAAA
EXPREG_00000d10	CcpA_C.difficile	Bacillus_subtilis|BSU12000	472	487	+	9.92857	8.69e-05	0.0349	ATGTAAACGGTTTCTT
EXPREG_00000d10	CcpA_C.difficile	Leuconostoc_mesenteroides|LEUM1769	19	34	+	9.91667	8.74e-05	0.0349	ATGAAAGCGATTACAT
EXPREG_00000d10	CcpA_C.difficile	Streptococcus_pyogenes|L89703755	63	78	+	9.91667	8.74e-05	0.0349	GAGAAAATATATTGTT
EXPREG_00000d10	CcpA_C.difficile	Streptococcus_pyogenes|M5005Spy0715	63	78	+	9.91667	8.74e-05	0.0349	GAGAAAATATATTGTT
EXPREG_00000d10	CcpA_C.difficile	Streptococcus_agalactiae|SAG1150	64	79	+	9.91667	8.74e-05	0.0349	GAGAAAATATATTGTT
EXPREG_00000d10	CcpA_C.difficile	Streptococcus_equi|Sez1144	64	79	+	9.91667	8.74e-05	0.0349	GAGAAAATATATTGTT
EXPREG_00000d10	CcpA_C.difficile	Streptococcus_intermedius|SCIMRS00825	85	100	+	9.91667	8.74e-05	0.0349	AAGAAAAAGATAGAAA
EXPREG_00000d10	CcpA_C.difficile	Clostridium_perfringens|CPF2412	144	159	+	9.91667	8.74e-05	0.0349	AAGAAATCATTTAAAA
EXPREG_00000d10	CcpA_C.difficile	Geobacillus_kaustophilus|GK2387	171	186	+	9.91667	8.74e-05	0.0349	ACTAAAAATTTTTCAA
EXPREG_00000d10	CcpA_C.difficile	Streptococcus_uberis|SUB1008	284	299	+	9.91667	8.74e-05	0.0349	GAGAAAATATATTGTT
EXPREG_00000d10	CcpA_C.difficile	Streptococcus_mutans|SMU1592	147	162	+	9.90476	8.79e-05	0.035	GAAAGAAGGTTTTAAT
EXPREG_00000d10	CcpA_C.difficile	Bacillus_thuringiensis|BMB171C3398	196	211	+	9.90476	8.79e-05	0.035	AAGAAAGAATTTTCAG
EXPREG_00000d10	CcpA_C.difficile	Paenibacillus_polymyxa|PPSQR21010350	22	37	+	9.89286	8.84e-05	0.035	AATAAATGGATTGCTT
EXPREG_00000d10	CcpA_C.difficile	Streptococcus_pyogenes|L89703480	196	211	+	9.89286	8.84e-05	0.035	TTGTAAACGATTTCAG
EXPREG_00000d10	CcpA_C.difficile	Streptococcus_pyogenes|M5005Spy0660	196	211	+	9.89286	8.84e-05	0.035	TTGTAAACGATTTCAG
EXPREG_00000d10	CcpA_C.difficile	Paenibacillus_polymyxa|PPSQR21049760	447	462	+	9.89286	8.84e-05	0.035	CTGTAAACGTTTTCTA
EXPREG_00000d10	CcpA_C.difficile	Enterococcus_faecalis|EF0201	12	27	+	9.88095	8.9e-05	0.0351	AATAAAAGGTTTGTTT
EXPREG_00000d10	CcpA_C.difficile	Streptococcus_thermophilus|str1398	69	84	+	9.88095	8.9e-05	0.0351	ATGTAAACGTATTCAA
EXPREG_00000d10	CcpA_C.difficile	Lactobacillus_delbrueckii|LBUL1889	103	118	+	9.86905	8.96e-05	0.0351	CGGAAAATGATTGCTT
EXPREG_00000d10	CcpA_C.difficile	Lactococcus_lactis|llmg0761	208	223	+	9.86905	8.96e-05	0.0351	AAGAAAAAATTTGATA
EXPREG_00000d10	CcpA_C.difficile	Streptococcus_agalactiae|SAG1015	5	20	+	9.85714	9.01e-05	0.0351	ATGAAAAGTTATTCAT
EXPREG_00000d10	CcpA_C.difficile	Bacillus_subtilis|BSU33950	78	93	+	9.85714	9.01e-05	0.0351	AAGATAAAGATATATA
EXPREG_00000d10	CcpA_C.difficile	Streptococcus_gordonii|SGO0247	168	183	+	9.85714	9.01e-05	0.0351	GTGTAAACGATTACTA
EXPREG_00000d10	CcpA_C.difficile	Lactobacillus_rhamnosus|DU50703885	199	214	+	9.85714	9.01e-05	0.0351	GTGAAATGGTTAACAA
EXPREG_00000d10	CcpA_C.difficile	Streptococcus_intermedius|SCIMRS01115	252	267	+	9.85714	9.01e-05	0.0351	GTGTAAACGATTACTA
EXPREG_00000d10	CcpA_C.difficile	Lactobacillus_casei|LCABL08380	319	334	+	9.85714	9.01e-05	0.0351	GTGAAATGGTTAACAA
EXPREG_00000d10	CcpA_C.difficile	Bacillus_licheniformis|B14RS09480	91	106	+	9.84524	9.07e-05	0.0351	AATAAAAAGATATAAT
EXPREG_00000d10	CcpA_C.difficile	Bacillus_licheniformis|BLi02564	93	108	+	9.84524	9.07e-05	0.0351	AATAAAAAGATATAAT
EXPREG_00000d10	CcpA_C.difficile	Lactobacillus_reuteri|LAR0536	145	160	+	9.84524	9.07e-05	0.0351	AAGAAAGGGCTATCTT
EXPREG_00000d10	CcpA_C.difficile	Streptococcus_equi|Sez1783	175	190	+	9.84524	9.07e-05	0.0351	AAAATAAGCTTATCAA
EXPREG_00000d10	CcpA_C.difficile	Lactobacillus_rhamnosus|DU50701365	177	192	+	9.84524	9.07e-05	0.0351	AGTAAAATGATATGAT
EXPREG_00000d10	CcpA_C.difficile	Enterococcus_faecalis|EF1805	34	49	+	9.83333	9.12e-05	0.0351	TTGAAAGCGTTTACTA
EXPREG_00000d10	CcpA_C.difficile	Bacillus_thuringiensis|BMB171C3713	37	52	+	9.83333	9.12e-05	0.0351	AAAAAAATGATTGAAT
EXPREG_00000d10	CcpA_C.difficile	Lactobacillus_johnsonii|LJ0570	50	65	+	9.83333	9.12e-05	0.0351	TAGAAAACTTTTCACT
EXPREG_00000d10	CcpA_C.difficile	Streptococcus_pneumoniae|SPD1034	51	66	+	9.83333	9.12e-05	0.0351	TATAAAATGTTAAGTA
EXPREG_00000d10	CcpA_C.difficile	Streptococcus_mutans|SMU1591	92	107	+	9.83333	9.12e-05	0.0351	TTGAAAGTGTTTTCAA
EXPREG_00000d10	CcpA_C.difficile	Bacillus_megaterium|BMD3425	173	188	+	9.83333	9.12e-05	0.0351	ATGAAAGTGTTTACAT
EXPREG_00000d10	CcpA_C.difficile	Streptococcus_thermophilus|str0630	241	256	+	9.83333	9.12e-05	0.0351	TTGAAAGTGTTTTCAA
EXPREG_00000d10	CcpA_C.difficile	Streptococcus_pneumoniae|SPD1532	7	22	+	9.80952	9.23e-05	0.0353	TAGAATATTTTTTCTG
EXPREG_00000d10	CcpA_C.difficile	Tetragenococcus_halophilus|AC806RS06425	112	127	+	9.80952	9.23e-05	0.0353	ACAAAAAGGTATACAT
EXPREG_00000d10	CcpA_C.difficile	Streptococcus_mitis|smi1615	261	276	+	9.80952	9.23e-05	0.0353	TAGAATATTTTTTCTG
EXPREG_00000d10	CcpA_C.difficile	Streptococcus_uberis|SUB1260	69	84	+	9.79762	9.29e-05	0.0353	GTGAAAATGATAACTA
EXPREG_00000d10	CcpA_C.difficile	Bacillus_megaterium|BMD4103	86	101	+	9.79762	9.29e-05	0.0353	AATATAAGTTTTTGAA
EXPREG_00000d10	CcpA_C.difficile	Lactococcus_lactis|llmg0995	91	106	+	9.79762	9.29e-05	0.0353	AAGAATACATTTAGCA
EXPREG_00000d10	CcpA_C.difficile	Lactobacillus_fermentum|LAF1229	184	199	+	9.79762	9.29e-05	0.0353	TAAGAAAAGTTTACAA
EXPREG_00000d10	CcpA_C.difficile	Streptococcus_anginosus|SanJ42111849	262	277	+	9.79762	9.29e-05	0.0353	AAGAAAACGTTTGCGA
EXPREG_00000d10	CcpA_C.difficile	Streptococcus_suis|SSU1581	79	94	+	9.78571	9.35e-05	0.0353	GAGAAATTGTTTTATG
EXPREG_00000d10	CcpA_C.difficile	Clostridium_botulinum|CBO2784	82	97	+	9.78571	9.35e-05	0.0353	TAGAAAAATATTTAAA
EXPREG_00000d10	CcpA_C.difficile	Bacillus_megaterium|BMD4720	83	98	+	9.78571	9.35e-05	0.0353	TCAATAACGATTGCAT
EXPREG_00000d10	CcpA_C.difficile	Bacillus_clausii|ABC3119	95	110	+	9.78571	9.35e-05	0.0353	ATAAAATCGTTTTGAA
EXPREG_00000d10	CcpA_C.difficile	Lactobacillus_fermentum|LAF1743	95	110	+	9.78571	9.35e-05	0.0353	TGGGAAACGCTTTCTT
EXPREG_00000d10	CcpA_C.difficile	Streptococcus_lutetiensis|KE3RS09925	95	110	+	9.77381	9.41e-05	0.0353	TGGAAAACTTTTGAAA
EXPREG_00000d10	CcpA_C.difficile	Clostridioides_difficile|CD63022700	114	129	+	9.77381	9.41e-05	0.0353	AATATAAAGTTAAGAT
EXPREG_00000d10	CcpA_C.difficile	Lactobacillus_rhamnosus|DU50700850	139	154	+	9.77381	9.41e-05	0.0353	AAGAAACCGTTTACAA
EXPREG_00000d10	CcpA_C.difficile	Bacillus_subtilis|BSU02590	244	259	+	9.77381	9.41e-05	0.0353	GAAATAAGGTTTAACT
EXPREG_00000d10	CcpA_C.difficile	Streptococcus_gallolyticus|GALLO1958	25	40	+	9.7619	9.47e-05	0.0353	CAGATAACCTTTACAT
EXPREG_00000d10	CcpA_C.difficile	Streptococcus_mutans|SMU856	32	47	+	9.7619	9.47e-05	0.0353	GAAAAAACGGTTGGTT
EXPREG_00000d10	CcpA_C.difficile	Streptococcus_lutetiensis|KE3RS08700	40	55	+	9.7619	9.47e-05	0.0353	CAGATAACCTTTACAT
EXPREG_00000d10	CcpA_C.difficile	Streptococcus_pneumoniae|SPD1318	46	61	+	9.7619	9.47e-05	0.0353	TAGAAATCGATTTGAC
EXPREG_00000d10	CcpA_C.difficile	Streptococcus_pneumoniae|SPD1797	112	127	+	9.7619	9.47e-05	0.0353	TAGAAATCGATTTGAC
EXPREG_00000d10	CcpA_C.difficile	Tetragenococcus_halophilus|AC806RS03940	129	144	+	9.7619	9.47e-05	0.0353	AGAAAAAAGTTTTTTA
EXPREG_00000d10	CcpA_C.difficile	Bacillus_licheniformis|B14RS08910	35	50	+	9.7381	9.58e-05	0.0357	AGGATAAAGTTTAGTG
EXPREG_00000d10	CcpA_C.difficile	Bacillus_licheniformis|BLi02679	36	51	+	9.7381	9.58e-05	0.0357	AGGATAAAGTTTAGTG
EXPREG_00000d10	CcpA_C.difficile	Lactobacillus_helveticus|lhv0101	221	236	+	9.72619	9.64e-05	0.0358	AGTAAAAAATTTTGTT
EXPREG_00000d10	CcpA_C.difficile	Clostridium_novyi|NT01CX1380	400	415	+	9.72619	9.64e-05	0.0358	AAAAAAATTTTTTTAT
EXPREG_00000d10	CcpA_C.difficile	Clostridium_botulinum|CBO1159	122	137	+	9.71429	9.7e-05	0.036	TAAATAAATTTTGCAT
EXPREG_00000d10	CcpA_C.difficile	Streptococcus_agalactiae|SAG0313	13	28	+	9.70238	9.76e-05	0.036	AAAAAAAGGTTTCTTT
EXPREG_00000d10	CcpA_C.difficile	Bacillus_anthracis|BF25RS08915	103	118	+	9.70238	9.76e-05	0.036	AGAAAAACTATTGCCT
EXPREG_00000d10	CcpA_C.difficile	Streptococcus_mitis|smi1404	199	214	+	9.70238	9.76e-05	0.036	CGTAAAACGTTTGCCT
EXPREG_00000d10	CcpA_C.difficile	Streptococcus_pneumoniae|SPD0661	247	262	+	9.70238	9.76e-05	0.036	CGTAAAACGTTTGCCT
EXPREG_00000d10	CcpA_C.difficile	Streptococcus_intermedius|SCIMRS02900	33	48	+	9.69048	9.82e-05	0.0361	AATAAAACTTTTAAAA
EXPREG_00000d10	CcpA_C.difficile	Streptococcus_uberis|SUB0830	59	74	+	9.69048	9.82e-05	0.0361	AAGGAAACGCTTTCTG
EXPREG_00000d10	CcpA_C.difficile	Clostridium_botulinum|CBO0172	74	89	+	9.69048	9.82e-05	0.0361	AATAAAAATATTTGAT
EXPREG_00000d10	CcpA_C.difficile	Streptococcus_suis|SSU1611	41	56	+	9.67857	9.88e-05	0.0363	AAAAAATGTTTTTCTG
EXPREG_00000d10	CcpA_C.difficile	Clostridium_tetani|CTC00263	90	105	+	9.66667	9.94e-05	0.0364	CTGAAAAGGTTTGCTA
EXPREG_00000d10	CcpA_C.difficile	Clostridium_acetobutylicum|CAC2071	145	160	+	9.66667	9.94e-05	0.0364	TAAAAAAAGATATATT

# FIMO (Find Individual Motif Occurrences): Version 5.5.2 compiled on May  1 2023 at 12:45:25
# The format of this file is described at https://meme-suite.org/meme/doc/fimo-output-format.html.
# fimo -oc /home/ubuntu/Desktop/Internship/Output/FIMO/EXPREG_00000d10 -norc -thresh 1e-4 -motif EXPREG_00000d10 /home/ubuntu/Desktop/Internship/Data/MEME_database/collectf.meme /home/ubuntu/Desktop/Internship/Output/Motifs/fimo_motifs.fasta
