Species,Sequence
Bacillus_subtilis|473,TGAAAGCGCTTTCT
Streptococcus_pneumoniae,AGAAAGCGTTTTCA
Streptococcus_suis|344,ATGGAAGCGTTTTCAA
Bacillus_subtilis|435,TGAAAACGCTTGCA
Bacillus_subtilis|436,TGAAAGCGTTATCA
Bacillus_amyloliquefacie,TGGAAACGCTTTCA
Bacillus_subtilis|424,TGAAAACGCTATCA
Lactobacillus_pentosus|2,TGAAAGCGATTTCA
Bacillus_subtilis|447,TGTAAGCGCTTTCT
Corynebacterium_glutamic,TGAAAACGTTTGCA
Bacillus_megaterium|554,TGAAAGCGCTAACA
Bacillus_megaterium|272,TGAAAGCGCTAACA
Bacillus_subtilis|430,AGAAAGCGTTTACA
Bacillus_amyloliquefacie,AAGAAAGCGTTTACAA
Bacillus_subtilis|456,TGAAAACGTTATCA
Bacillus_subtilis|445,TGAAAGCGCTATCT
Streptococcus_pyogenes|1,AGAAAGCGGTTTCA
Streptococcus_pneumoniae,TAGAAAGCGTTTTCTT
Bacillus_thuringiensis|2,AGAAAGCGTTTTCT
Bacillus_megaterium|556,TGAAAGCGTTAACA
Streptococcus_suis|343,ATGGAAGCGTTTTCTT
Bacillus_subtilis|470,TGAAAGCGTTTTCC
Bacillus_subtilis|440,AGAAAACGCTTTCT
Streptococcus_pyogenes|3,AGAAAACGCTTTCT
Bacillus_subtilis|465,GGAAAACGCTTTCA
Staphylococcus_aureus|49,ATGTAAACGTTTACAC
Bacillus_subtilis|455,TGAAACCGCTTCCA
Bacillus_subtilis|417,TGAAAGCGTTACCA
Streptococcus_suis|368,TTGTAAACGTTTTCTT
Bacillus_anthracis|267,ATGAAAACGCTGTCAT
Bacillus_amyloliquefacie,TGTAAGCGTTATCA
Streptococcus_pyogenes|5,AGAAAACGTTTTCT
Streptococcus_intermediu,ATGAAAGCGTTAGCAA
Streptococcus_suis|364,AAGGAAACGCTTTCAT
Streptococcus_suis|339,AAGGAAACGCTTTCAT
Bacillus_subtilis|471,AGAAAGCGGTTACA
Bacillus_subtilis|446,TTAAAGCGCTTTCA
Streptococcus_suis|373,AAGAAAACGTTTGCAA
Bacillus_subtilis|428,TGAAAACGTTGTCA
Streptococcus_pyogenes|9,ATGTAAGCGCTAACAA
Streptococcus_pyogenes|8,ATGTAAGCGCTAACAA
Streptococcus_suis|388,GTGCAAACGTTTTCTT
Bacillus_subtilis|458,TGTAAACGTTATCA
Bacillus_subtilis|439,TGAAAGCGCTTTTA
Bacillus_subtilis|420,TGAAAGCGTTGACA
Lactobacillus_plantarum|,TGTAAGCGTTTGCT
Bacillus_subtilis|472,TGTAAACGGTTACA
Bacillus_subtilis|448,TGTAAGCGTTTGCT
Bacillus_subtilis|444,TGTAAGCGTTTGCT
Bacillus_subtilis|431,TGTAAACGGTTACA
Bacillus_amyloliquefacie,TGTAAACGGTTACA
Lactococcus_lactis|130,TGAAATCGCTATCA
Streptococcus_suis|385,CAGAAAACGGTTACAA
Streptococcus_pneumoniae,CAGAAAACGCTTCCTA
Streptococcus_pneumoniae,TGTAAACGATTTCA
Paenibacillus_polymyxa|2,TGTAAACGTTTACT
Enterococcus_faecalis|55,TGTAAGCGTTAACA
Bacillus_subtilis|454,TGAAAGCGGTACCA
Bacillus_subtilis|419,TGTAAGCGTTAACA
Bacillus_amyloliquefacie,TGTAAGCGTTAACA
Streptococcus_pyogenes|2,AGAAAACGATTTCA
Bacillus_subtilis|429,TGTAAACGGTTTCT
Streptococcus_pneumoniae,TTGTAAACGGTTTCTA
Streptococcus_pyogenes|1,TAGGAAGCGTTTTCTT
Bacillus_subtilis|480,TGTAACCGCTTTCT
Lactococcus_lactis|127,AGAAACCGCTTTCT
Streptococcus_pyogenes|7,ATGTAAGCGTTATCTA
Streptococcus_pyogenes|7,ATGTAAGCGTTATCTA
Streptococcus_pyogenes|3,TGAAACCGCTTGCT
Bacillus_subtilis|432,TTAAAGCGCTTACA
Bacillus_subtilis|443,TGATAGCGTTTTCT
Bacillus_subtilis|492,TGAAAGCGTATACA
Bacillus_subtilis|484,TGAAAGCGTATACA
Streptococcus_pyogenes|3,CTGCAAGCGGTTGCAT
Streptococcus_pyogenes|3,CTGCAAGCGGTTGCAT
Enterococcus_faecalis|55,TGAAAGCGTTATCC
Streptococcus_oligoferme,TGACAGCGCTATCA
Bacillus_subtilis|416,TGAAAGCGCTTTAT
Streptococcus_pneumoniae,ATGAAACCGTTTCCTT
Streptococcus_pyogenes|5,GTGAAAACGTTTTAAA
Streptococcus_pyogenes|5,GTGAAAACGTTTTAAA
Streptococcus_pyogenes|6,TTGAAAGCGCTTTATT
Streptococcus_suis|406,ATGATAACGCTTTCTT
Streptococcus_suis|361,GAGTAAACGTTTTCTT
Streptococcus_pyogenes|4,AGAAATCGCTTTCT
Bacillus_subtilis|478,TGAATGCGCTTTCT
Bacillus_subtilis|433,CGAAAACGCTATCA
Streptococcus_pyogenes|3,CTGATAACGCTTCCAA
Streptococcus_pyogenes|2,CTGATAACGCTTCCAA
Streptococcus_pyogenes|2,AAGAAAGGGTTTTCAA
Streptococcus_pyogenes|2,AAGAAAGGGTTTTCAA
Bacillus_subtilis|442,TGCAAGGGCTTTCA
Streptococcus_pneumoniae,TTGACAACGGTTTCAT
Lactococcus_lactis|202,TTGAAAAGGTTTACAG
Streptococcus_pyogenes|4,ATGGAATCGCTTTCTA
Clostridioides_difficile,ATGTAAACGTTATCTT
Bacillus_subtilis|437,TAAAAGCGCTTACA
Bacillus_subtilis|425,TGACACCGCTTTCA
Streptococcus_pneumoniae,ACGAAAACGTTTGCAC
Bacillus_amyloliquefacie,TTGACACCGCTTTCAT
Lactococcus_lactis|191,CTGAAAACGTTTTTAT
Lactococcus_lactis|128,TGAAAACGTTTTTA
Streptococcus_pyogenes|6,TTGTAATCGTTTACAT
Bacillus_subtilis|485,TGAAAGCGTTTTAT
Bacillus_subtilis|461,TGAAAGCGTTTTAT
Bacillus_megaterium|558,TGATAACGTTTTCT
Clostridioides_difficile,CTGATAACGTTTTCTA
Bacillus_amyloliquefacie,ATGGAAGCGCTGACAT
Bacillus_subtilis|460,TGTAACCGCTTACT
Streptococcus_suis|362,TTGTAATCGTTTTCTT
Streptococcus_pneumoniae,GTGTAATCGTTTTCTT
Bacillus_subtilis|418,TGAAAACGCTTTAT
Streptococcus_suis|375,ATTAAAACGCTTTCTT
Streptococcus_pyogenes|6,GTGAAAGCGTTATCGT
Streptococcus_pyogenes|3,TGAAAGCGTTTATA
Streptococcus_suis|377,TTGCAACCGTTTTCTT
Streptococcus_suis|367,GAGATAGCGCTTACAT
Bacillus_licheniformis|2,TGAAAGCGCTATAA
Bacillus_subtilis|468,AGAAAGCGCTTACG
Bacillus_subtilis|466,TGTAAGCGGTATCT
Bacillus_subtilis|426,TGTAAGCGTTTTAA
Streptococcus_suis|341,TTGAAAACACTTTCTA
Lactococcus_lactis|116,TGTAAACGATTCCA
Bacillus_subtilis|477,TGAAAGCGTTTTTT
Bacillus_subtilis|474,TGAAAACGCTATCG
Streptococcus_suis|340,ATGTGAGCGTTTTCAA
Streptococcus_pneumoniae,TATAAAGCGTTTTCAT
Streptococcus_pyogenes|5,CTGTAAGCGATTACTT
Streptococcus_pyogenes|1,TTGACACCGTTTTCAT
Streptococcus_pyogenes|1,TTGACACCGTTTTCAT
Streptococcus_suis|383,TCGAAAACGATTTCAA
Streptococcus_suis|376,ATGAAAACCCTTTCTT
Streptococcus_gordonii|4,CTTGAAGCGTTTTCAT
Corynebacterium_glutamic,TGTAATCGTTTGCA
Lactobacillus_plantarum|,TGGAAACGATTCCA
Bacillus_amyloliquefacie,AAGAAAGCGCATACAT
Streptococcus_pyogenes|1,TTGAAAACTTTTTCAA
Lactococcus_lactis|200,CTGAAAACGCTTTTTT
Lactococcus_lactis|139,TGAAAACGCTTTTT
Streptococcus_pyogenes|3,CTAAAAGCGTTTTCTC
Streptococcus_oligoferme,TGAAAACGTTTTAT
Streptococcus_pneumoniae,AAGCAAACGCTTACTT
Streptococcus_pneumoniae,TGAAATCGGTTACT
Streptococcus_pyogenes|6,TGCAATCGCTTGCA
Streptococcus_pyogenes|6,GGAAAACGTTTCCT
Streptococcus_pyogenes|5,AAGTAAGCGTTTTCCT
Bacillus_subtilis|481,TTGAAACGCTTTCA
Streptococcus_pneumoniae,GAGAAAGGGTTTACAT
Lactococcus_lactis|165,TGAAAGTGCTTGCA
Streptococcus_pyogenes|2,AAGAAAGGGTTTACAT
Bacillus_subtilis|486,TGAAAGCGCTCGCT
Bacillus_subtilis|464,TAAAAACGCTTTCT
Streptococcus_suis|386,TTGAAACCACTTTCAA
Streptococcus_pyogenes|6,GTGATAGCGCTATCTT
Streptococcus_pyogenes|6,GTGATAGCGCTATCTT
Clostridioides_difficile,ATGAAAAAGTTTTCTT
Bacillus_megaterium|271,TGAAAGCGCAAACA
Lactococcus_lactis|147,TGAAAGCGCAAACA
Streptococcus_pyogenes|6,CGCAAGCGCTTGCA
Bacillus_subtilis|462,TGGAAGCGTTTTTA
Bacillus_subtilis|427,TGAAAGCGTTTAAT
Bacillus_subtilis|421,TGTAAGCGTATACA
Lactococcus_lactis|173,AGAAAGGGTTTTCT
Clostridioides_difficile,GGGAAAACGTTAACAA
Bacillus_subtilis|476,TGTAAGCGCTTTAT
Bacillus_subtilis|450,TGAAAACGGTGCCA
Lactococcus_lactis|163,TGTAATCGGTTACA
Lactococcus_lactis|103,AGTAACCGTTTACA
Clostridium_acetobutylic,ATGTAAACGGTATCTG
Streptococcus_pyogenes|4,AGTAATCGCTTACA
Streptococcus_pyogenes|4,AGTAATCGCTTACA
Clostridioides_difficile,TAGAAAACGTTTTAAA
Bacillus_subtilis|463,TGAAAACGTTTTTT
Bacillus_subtilis|422,TGTAAGCGGATTCA
Streptococcus_pneumoniae,AAGAAAGCGCTTTATT
Streptococcus_pneumoniae,TATAAAACGTTTTCAA
Streptococcus_pneumoniae,TGTAATCGATTTCA
Bacillus_amyloliquefacie,ATGTAAGCGGATTCAT
Clostridioides_difficile,AAGAAAAGGCTTTCTA
Lactobacillus_plantarum|,TGTAAGGGCTATCA
Bacillus_subtilis|423,TGAATGCGGTTACA
Streptococcus_suis|395,ATAGAAGCGTTTTCAT
Streptococcus_suis|345,ATGTAAACATTTTCAA
Lactobacillus_plantarum|,TGTAAGGGCTATCA
Clostridioides_difficile,AAGAAAACATTTTCAT
Bacillus_subtilis|479,TGAAAACGGATACA
Bacillus_subtilis|453,TGAAAGTGTTTGCA
Streptococcus_suis|374,ATAAAAACGCTTGCAA
Streptococcus_pneumoniae,TTAAAAACGCTTGCAA
Streptococcus_pneumoniae,AAGTAATCGCTTTCTT
Streptococcus_pneumoniae,TTAAAAACGCTTGCAA
Clostridioides_difficile,AAGAAAAAGTTTTCAT
Bacillus_subtilis|475,TGAAAATGTTTACA
Bacillus_subtilis|441,TGAAAGCGGTTCAA
Lactococcus_lactis|113,TGTAAACCTTTTCA
Streptococcus_pneumoniae,GGCAAACGCTTGCA
Streptococcus_pneumoniae,GGCAAACGCTTGCA
Lactococcus_lactis|188,ATGAAAACCTTTGCAA
Lactococcus_lactis|133,ATAAAGCGTTTACA
Lactococcus_lactis|125,TGAAAACCTTTGCA
Lactococcus_lactis|189,ATGAAAACGTTATAAT
Lactococcus_lactis|126,TGAAAACGTTATAA
Lactococcus_lactis|104,AGAAATCGCTAACA
Clostridioides_difficile,AAGAAAGCGTTTTGAA
Lactococcus_lactis|115,TGAAAACTTTTACA
Streptococcus_pyogenes|3,CGTAATCGCTTTCA
Lactococcus_lactis|167,AGAAAGCGTTTTAT
Lactococcus_lactis|112,AGTAAGCGTATTCA
Streptococcus_pyogenes|2,ATGGAAGCTTTTTCAG
Streptococcus_pyogenes|2,ATGGAAGCTTTTTCAG
Streptococcus_pyogenes|1,GTGCAAGCGCTTTGAT
Bacillus_subtilis|490,ATGTAAGCATTTTCTT
Bacillus_subtilis|449,TGTAAGCATTTTCT
Streptococcus_pneumoniae,ATGAAATCGGTATCTT
Streptococcus_pneumoniae,TTAAATCGTTTTCA
Lactococcus_lactis|161,AGAATGCGTTTACA
Streptococcus_suis|351,TTGAAAACTTTTTCTA
Bacillus_thuringiensis|2,TGTAAACGCTTTAT
Lactococcus_lactis|124,TGTAAAAGCTTACA
Streptococcus_pyogenes|5,CTGCAATCGTTTACTT
Streptococcus_pyogenes|4,CTGCAATCGTTTACTT
Bacillus_subtilis|483,TGAAAGCGTAACCA
Bacillus_subtilis|452,TGAAAACGGTTTAT
Streptococcus_suis|371,TTGTAAGCCTTTTCTT
Streptococcus_pneumoniae,ATGAAATCGCATACAA
Lactococcus_lactis|136,AGTTAGCGCTTACA
Clostridioides_difficile,GAGAAAAGGTTTCCAA
Streptococcus_pneumoniae,GTGTAAACGATAACAG
Lactobacillus_plantarum|,GTGTAAGCGGTTTTAT
Lactobacillus_plantarum|,TGTAATCGTTAACA
Lactococcus_lactis|218,AAGAAAGCGCTATAAT
Lactococcus_lactis|174,AGAAAGCGCTATAA
Lactococcus_lactis|145,TGATATCGCTTCCA
Lactococcus_lactis|143,AGAAAATGTTTTCA
Clostridioides_difficile,GAGTTAACGTTTTCAA
Streptococcus_pyogenes|7,TGAAAACGCCTCCA
Lactobacillus_casei|553,ATAAAACGTTTACA
Clostridioides_difficile,CAGAAAAGGTTTGCAA
Streptococcus_gordonii|4,ATGGAAATGTTTTCAA
Streptococcus_pneumoniae,ATGAAAGCGCAAACTT
Streptococcus_pyogenes|1,ATAAAGCGCTTACT
Enterococcus_faecalis|55,TGTAAACGGTGACA
Streptococcus_lutetiensi,TGAAAGCGATTTAT
Streptococcus_suis|363,TATTAAACGCTTTCAT
Streptococcus_pyogenes|7,AGATAACGCTTACT
Streptococcus_pneumoniae,ATGAAAGGGGTAACAA
Lactococcus_lactis|199,TTGGAAACCCTTTCTT
Lactococcus_lactis|171,GGCAAACGTTATCA
Streptococcus_pyogenes|5,CTTGAAGCGCTTACTT
Streptococcus_pyogenes|5,CTTGAAGCGCTTACTT
Clostridioides_difficile,TATAAAACGTTTTCTT
Streptococcus_suis|378,TTGCAAGCATTTTCTA
Bacillus_subtilis|469,TGAAAACGTGTCCA
Bacillus_amyloliquefacie,TGAATACGTTTCCT
Lactococcus_lactis|156,TGAAATCGTTCACA
Streptococcus_pyogenes|5,AGAAAACACTTGCA
Clostridioides_difficile,TAGAAAAGGTTATCAT
Bacillus_subtilis|467,TGAAAACGCGATCA
Bacillus_subtilis|434,TGAAAGCGCAGTCT
Streptococcus_pneumoniae,TGGAAAAGGCTTTCTT
Bacillus_megaterium|557,TGATAAGGTTTTCA
Bacillus_subtilis|459,TGAAAGCGTTTTAG
Streptococcus_pneumoniae,ATGTAACCGGTAACAC
Lactococcus_lactis|108,TGACAGAGTTTTCA
Streptococcus_pyogenes|6,ATAAAAGCGTTATCTC
Bacillus_subtilis|482,TGTAAGCGGTTTAT
Bacillus_subtilis|438,TGGAAGCGCAAACA
Lactococcus_lactis|214,TTGATAACGCTGACAA
Lactococcus_lactis|166,TGATAACGCTGACA
Streptococcus_pyogenes|5,GAGAAAAGGATTTCAT
Streptococcus_pyogenes|2,TTGTAAGCGCTACCGA
Streptococcus_pyogenes|2,AGATAACGATTTCA
Streptococcus_suis|381,GCGTAACCGTTTTCTT
Lactobacillus_plantarum|,GTGGAATCGATTCCAA
Clostridioides_difficile,TTGAAAACGTTTAGTG
Streptococcus_anginosus|,CGGAAAGCGCTTTTTT
Lactobacillus_plantarum|,TGTAAAGCGCTTGCAT
Lactococcus_lactis|129,ATAAACCGTTTTCA
Lactococcus_lactis|150,TGAAAGCGTTAAGA
Streptococcus_pyogenes|4,CAGAAAACTCTTTCTT
Streptococcus_pyogenes|5,CGAAAACCTTTTCA
Streptococcus_pyogenes|4,CGAAAACCTTTTCA
Clostridioides_difficile,GAGAAAATGTTTACAA
Clostridioides_difficile,GAGAAAATGTTTACAA
Clostridioides_difficile,GAGAAAATGTTTACAG
Bacillus_subtilis|457,TGAAAACGCTTAAC
Streptococcus_pneumoniae,ATGAAACTGTTTACAA
Streptococcus_anginosus|,GCGAAAGCGCTTTTTT
Lactococcus_lactis|153,TGAAAACTCTAACA
Streptococcus_pyogenes|6,AGAAACCGGTACCA
Lactococcus_lactis|140,AATAAGCGCTTACA
Lactococcus_lactis|118,TGTAAGCGCAAGCA
Lactococcus_lactis|164,TGAAAGCACTGCCA
Clostridium_acetobutylic,AGAAAACTTTTACA
Streptococcus_pyogenes|7,AGAAAGCCCTTTCC
Streptococcus_pyogenes|3,AGATACCGCTTGCA
Streptococcus_pyogenes|3,AGATACCGCTTGCA
Lactococcus_lactis|132,TGAAACAGTTATCA
Streptococcus_pneumoniae,ATGAAAATGGTATCAT
Streptococcus_pneumoniae,ATGAAAATGGTATCAT
Bacillus_amyloliquefacie,TGCAAACGGATACA
Lactococcus_lactis|107,TGAAAGAGCATACA
Clostridioides_difficile,AAGAAAACGTTATTAC
Streptococcus_suis|403,GAGAGAACGGTTTCTA
Streptococcus_suis|389,AAGATAACGTTTTCCA
Clostridioides_difficile,TAGAAAATGTTTGCAG
Streptococcus_pneumoniae,TATTAAACGCTTCCAA
Clostridioides_difficile,GGGAAAACGATACCAA
Tetragenococcus_halophil,TGAAAACGCTTGAC
Bacillus_amyloliquefacie,TTGAAGCGGTATCA
Clostridioides_difficile,GGGAAAACATTTTCTT
Clostridioides_difficile,AGGATAACGTTATCAT
Clostridioides_difficile,GGGAAAACATTTTCTT
Streptococcus_pneumoniae,ACAAAAACGCTTACAT
Lactococcus_lactis|131,AGTAATCGTTATCT
Lactococcus_lactis|141,TGAAAAAGGTAACA
Lactococcus_lactis|134,TGAAAAAGGTAACA
Lactococcus_lactis|111,ATAAAGCGATTTCT
Clostridioides_difficile,GAGAAAAGGATTTCTA
Bacillus_amyloliquefacie,TTGAACCGCTTCCA
Bacillus_amyloliquefacie,TTGAAGCGTTACCA
Lactococcus_lactis|105,TGTAACAGTTTACA
Streptococcus_pyogenes|4,TGATAACCCTTACA
Streptococcus_pyogenes|4,TGATAACCCTTACA
Lactococcus_lactis|162,TGTCAGCATTTTCA
Lactococcus_lactis|146,GGTAATCGTTTACT
Clostridioides_difficile,TTGAAAAAGATTACTA
Streptococcus_pneumoniae,TCGAAAACGATAGCAT
Streptococcus_suis|346,ATTGAACCGTTTTCTT
Lactococcus_lactis|154,TAAATACGCTTTCA
Streptococcus_pneumoniae,TGTCAAAGCTTTCA
Streptococcus_pneumoniae,TGTCAAAGCTTTCA
Lactococcus_lactis|144,TGCAAGCGATTTGA
Clostridioides_difficile,ATGATAACATTTTCTT
Clostridioides_difficile,AAGAAAACCTTATCTA
Streptococcus_pyogenes|1,TTGGGAACGATTTCTC
Lactococcus_lactis|121,TGAAAGTGATAACA
Lactococcus_lactis|120,TGTAATGGATTTCA
Clostridium_acetobutylic,ATGTAAACGGTTATTT
Streptococcus_pyogenes|1,GAGAAAACGTTTTAGT
Lactococcus_lactis|172,TGTATGCGTTTTAA
Streptococcus_pneumoniae,TTGTAAGCTATTCCAA
Lactococcus_lactis|148,AAAAAGCGTATTCA
Bacillus_amyloliquefacie,TTGAAGCGGTACCA
Lactococcus_lactis|160,TTTAAACGTTTACC
Lactococcus_lactis|157,TGTAAGCGTTGATA
Streptococcus_pneumoniae,ATGAAAAAGCAATCAC
Streptococcus_pneumoniae,ATGAAAAAGCAATCAC
Lactococcus_lactis|205,TTGTAAAGGCTTAAAA
Lactococcus_lactis|169,AGAAAGCGGACTCA
Lactococcus_lactis|168,TGCGAACGCATTCA
Lactococcus_lactis|152,TTAAAGCGGTTAAA
Lactococcus_lactis|151,TGTAAAGGCTTAAA
Clostridioides_difficile,TAGATAAGGTTTTCTT
Streptococcus_pneumoniae,ATATAATCGCTATCAA
Lactococcus_lactis|158,TTTAAGCGTTCACA
Streptococcus_pneumoniae,AAGAATGCGTTTTTAT
Lactococcus_lactis|117,TGAAATCATTAGCA
Lactococcus_lactis|109,TTAAAACGTTTGAA
Clostridioides_difficile,AAGATAACGATTGCTT
Clostridioides_difficile,AAGATAACGATTGCTT
Streptococcus_pneumoniae,TTGTATTCGTTATCAT
Lactococcus_lactis|192,AAGCAAACGGTTGCGT
Streptococcus_pneumoniae,TGCAACCGATTTAA
Bacillus_amyloliquefacie,TTGAAGCGCTTTAT
Lactococcus_lactis|110,ATAAAACGCATACA
Lactococcus_lactis|142,TGTAAGTATTTTCA
Streptococcus_pneumoniae,TTGAAAATGATGTCAA
Streptococcus_pneumoniae,TTAAACTGCTTTCA
Lactococcus_lactis|135,TGAAAGCGAATAAA
Lactococcus_lactis|119,TGTGAACGCTTAAA
Lactococcus_lactis|114,TGTAAGAGATATCT
Streptococcus_pyogenes|3,ATGGTGGCGTTTTCTT
Clostridioides_difficile,TGGAAATAGTTTTCTT
Streptococcus_pyogenes|4,CGTAAGCGCCTCCA
Clostridioides_difficile,GAGAAAAGGTATGCAA
Bacillus_amyloliquefacie,TTGAAGCGTTTTAT
Lactococcus_lactis|159,TGATATCGATAACA
Lactococcus_lactis|122,TGCACACGTTATCT
Streptococcus_pneumoniae,ATGTTTGCGTTATCAT
Clostridioides_difficile,AAGAAATCGTTTCTTT
Lactococcus_lactis|170,TAGAAGCGATAACA
Bacillus_amyloliquefacie,ATGAAGCGTTGACA
Clostridioides_difficile,AGTAAAACGGTTTCCT
Lactococcus_lactis|186,TTGGTAGCGGTTATAA
Lactococcus_lactis|123,TGGTAGCGGTTATA
Streptococcus_pneumoniae,TGAAATCGAAACCA
Lactococcus_lactis|155,TGAATACGAATACA
Bacillus_amyloliquefacie,TTGAAGCGCAAACA
Bacillus_amyloliquefacie,TTGAAACGTTTATA
Lactococcus_lactis|138,TGCCATCGTATTCA
Clostridioides_difficile,GAGAAAAGGTTTTGTT
Clostridioides_difficile,GAGAAAAGGTTTTGTT
Clostridioides_difficile,AGAAAAACGTTAACTT
Streptococcus_anginosus|,AAGAACGCGCTTTTTA
Bacillus_amyloliquefacie,ATGAAGCGGATTCA
Lactococcus_lactis|149,TTAATACGATTACA
Clostridium_acetobutylic,TATAAGCTTTTACA
Streptococcus_pneumoniae,TTGACAACACTGCCAA
Bacillus_amyloliquefacie,TTGAACCGCATACA
Clostridioides_difficile,AAGAAAACGATTTTGT
Clostridioides_difficile,AAGAAAACGATTTTGT
Bacillus_amyloliquefacie,TGAATACGTTACAA
Lactococcus_lactis|137,TATCAGCGTTAACA
Clostridioides_difficile,AGGAAAACGTATTATA
Clostridium_acetobutylic,TGTAAACGTTCCAT
Lactococcus_lactis|106,AGTAACCGGTATTA
Streptococcus_pneumoniae,TGTTATCTTTTTCA
Streptococcus_pneumoniae,TGTTATCTTTTTCA
Clostridium_acetobutylic,ATGTACACCTTTACAT
Clostridioides_difficile,AAATAAAGGTTTTCTT
Clostridioides_difficile,AAATAAAGGTTTTCTT
Clostridioides_difficile,AAGAAAACGTTAAGCA
Clostridium_acetobutylic,AATTATACGTTTACAT
Streptococcus_pyogenes|1,AGATATCGCTTCTA
Streptococcus_pyogenes|6,TTAAAGCTTTTTAA
Clostridioides_difficile,AGGAAAACGTTATGCT
Clostridioides_difficile,AGGAAAACGTTATGCT
Streptococcus_pneumoniae,ATGGAAAAGAATACAC
Bacillus_licheniformis|2,AGACACCGCTTGGA
Streptococcus_pyogenes|2,TTATATCGATTTCT
Streptococcus_pyogenes|1,TTATATCGATTTCT
Clostridioides_difficile,AGGAGAACATTATCAA
Streptococcus_pyogenes|4,GTAAAATCTTTTTCTG
Clostridioides_difficile,AGGAAATAGTTAACTT
Streptococcus_suis|399,AAGGAAAATCTTACAC
Clostridium_acetobutylic,AAGAAATAATTTACAT
Streptococcus_suis|398,TTCAATAAGTTTTCAT
Streptococcus_intermediu,ATGAAAGAATTCGCAA
Streptococcus_pneumoniae,ATGAAAAAGAAACCAA
Streptococcus_pneumoniae,TTGTTACCGATCACAT
Bacillus_amyloliquefacie,TTGAAGCGTTAATT
Clostridium_acetobutylic,TGTAAAGGGTATTT
Bacillus_amyloliquefacie,ATGAAGCGATTTTCAT
Streptococcus_pyogenes|2,GTGAAGGGTTTATCAT
Lactococcus_lactis|178,ATGAATCGGCTTATAA
Streptococcus_suis|350,TTCAAAGATTTTCCAA
Clostridium_acetobutylic,TTGTAAACCTTGTTTT
Clostridioides_difficile,GAGAAAAAATATACAA
Clostridium_acetobutylic,TGTAAAAGTTGCTA
Streptococcus_suis|407,TCCTAACCATTTTCAC
Lactococcus_lactis|210,GTGAAAAGTGTTATAA
Streptococcus_suis|349,TTCAAATCCTTTCCCT
Clostridioides_difficile,TCAAAAAGATTTTCAT
Clostridioides_difficile,GAGAAAAAGACATCAT
Streptococcus_suis|387,TGAAAATATTTTGT
Bacillus_amyloliquefacie,TGAATACGTAACAA
Streptococcus_suis|392,TTCATAACTTTTCCTC
Streptococcus_suis|384,TTCAATTTGTTTTCAG
Clostridioides_difficile,GAGAAAAAATTATAAA
Clostridium_acetobutylic,TTGCAAAAAGTTTTAC
Lactococcus_lactis|208,TTGTCAAAGATTAAAA
Lactococcus_lactis|177,CTAAAAAGGATATAAT
Clostridium_acetobutylic,TGTAAAAGATGTAT
Clostridium_acetobutylic,TGTAAATATTTTTT
Lactococcus_lactis|180,TTAAAAGGATTGGCAA
Clostridium_acetobutylic,ATTGAGTGTTTACA
Clostridioides_difficile,AGGAAATGGTATTT
Clostridioides_difficile,AGGAAATGGTATTT
Clostridioides_difficile,GAAAAAATGTTTTTTT
Streptococcus_suis|409,AGAAAGATGTTCAA
Lactococcus_lactis|184,TTGAAAAAGACTAAAT
Bacillus_megaterium|555,GTAAAACGATGAAA
Streptococcus_suis|404,TTTCAATGATTTTCTG
Lactococcus_lactis|209,AAAAAAATGTTATAAT
Lactococcus_lactis|212,ATTTAAATGCTACAAT
Clostridium_acetobutylic,TGTAAAATCTAATA
Clostridium_acetobutylic,TAAATAGATTTACA
Streptococcus_suis|411,TTCAAAATTATTTCTC
Streptococcus_suis|408,TTCAAGCCTATTTCAG
Clostridium_acetobutylic,TTAAACGGATTTACAT
Bacillus_subtilis|415,GAAGGAACGATGACAA
Clostridium_acetobutylic,TGTAAAGGATGTTG
Streptococcus_suis|370,TCTCAAGCATTTTTTC
Streptococcus_suis|359,TCCGAAATATTTTCAT
Bacillus_amyloliquefacie,TGTAAAGCGTTTGC
Clostridium_acetobutylic,ATTTATTGTTTACA
Streptococcus_suis|353,TTCAGAAAATTTCCAT
Clostridium_acetobutylic,TAAAAATATTTTACAT
Clostridioides_difficile,TGTAAAAAGTTTAG
Clostridioides_difficile,TGTAAAAAGTTTAG
Streptococcus_suis|413,TTTCCAACAATTTCCG
Lactococcus_lactis|201,CCGAAAAAGTGATAAA
Lactococcus_lactis|193,TCAAAAACAATTAAAA
Lactococcus_lactis|176,ATGCAATCTTAATAAA
Streptococcus_suis|355,TTTCATAAATTTTCAG
Streptococcus_intermediu,TGAAAGCATGCAAT
Clostridioides_difficile,AAGATAAAATTTTTTT
Lactobacillus_plantarum|,TGTCAAACGATTGACA
Clostridium_acetobutylic,AATAAGGTATTTACAT
Streptococcus_suis|347,TTCACAAAAATTTCTG
Streptococcus_suis|380,TTTCATAACCTTTCTG
Streptococcus_suis|366,TTCAAGCTATTTTCAA
Lactococcus_lactis|179,ATGAAATCAACTCTAA
Clostridium_acetobutylic,TGTAAATGTAGATT
Lactococcus_lactis|183,GACAAAAAATATGCAT
Streptococcus_suis|358,TTCATAAAAATTCCAA
Streptococcus_suis|390,TTTCCAAATTTTTCTC
Clostridioides_difficile,AGGAAATAGATAAGTT
Lactococcus_lactis|215,AGAAAATAGGTTATAA
Streptococcus_suis|401,TTCAATAATTTTACTG
Streptococcus_suis|394,TGACATTTTTCTCT
Bacillus_amyloliquefacie,TTGAACGCTTTTAT
Lactococcus_lactis|198,GGGAAAAAAATTGTTA
Lactococcus_lactis|175,TTGACATCTTTCTGTT
Bacillus_amyloliquefacie,TTGAACGCTTTCTA
Streptococcus_suis|414,TCAAGAAAATTTACAA
Clostridium_acetobutylic,AAGGAAATGATAGAGG
Clostridium_acetobutylic,AAATATACTTTACA
Lactococcus_lactis|195,ATAAATACGTGATATA
Streptococcus_suis|342,TTTCATTTATTTTCAA
Streptococcus_suis|357,TTCATAAATTTTGCCT
Clostridium_acetobutylic,GTAAAATCTGTTATGT
Streptococcus_suis|391,TCAAGTTCATTTTCAT
Streptococcus_suis|354,TTTCAGAAAATTTCTT
Lactococcus_lactis|203,CTAAACTTGTTTATAT
Streptococcus_suis|352,TTTCTGAAATTTTCAT
Clostridioides_difficile,TAGATTTGGTTTAA
Bacillus_subtilis|451,TGAAATGAATCGTT
Streptococcus_suis|410,TCATGCACCTTTTCAT
Streptococcus_suis|405,TGGATATTTTCACC
Lactococcus_lactis|181,ATACTATCATTTTTCT
Lactococcus_lactis|196,GTAAAGGCCAATTATG
Lactococcus_lactis|185,ATGACAAAAAGCCCAA
Streptococcus_suis|360,TTCAGTACATTTTTCA
Lactococcus_lactis|194,GACAGGTTGTTTTCCT
Streptococcus_suis|379,TTCATGACATTTTTGG
