cre sequence	Gene
AAAGAAAGCGGTTTCA	adh2
ACAGAAAACGATTTCA	ackA
ATGGTGGCGTTTTCTT	ntpE
AACGAAAACCTTTTCA	–
AACGAAAACCTTTTCA	pgi
TTGAAAGCGCTTTATT	–
AAAGAAAGCCCTTTCC	plr
AATGTAAGCGCTAACAAAAT	exoA
AATGTAAGCGCTAACAAAAT	lctO
TAGGAAGCGTTTTCTT	prtS
GTGCAAGCGCTTTGAT	gcaD
–	
–	pcp
–	pcp
TTGAAAACTTTTTCAA	ccpA
–	lysS
–	
–	pepF
TTTGGGAACGATTTCTCAAG	–
AAATAAAGCGCTTACT	ppc
GAGAAAACGTTTTAGT	–
TTGACACCGTTTTCAT	–
TTGACACCGTTTTCAT	–
GAAGATATCGCTTCTA	eno
TATTATATCGATTTCT	–
TATTATATCGATTTCT	eno
AAGAAAGGGTTTACAT	sagA
ATGGAAGCTTTTTCAG	–
ATGGAAGCTTTTTCAG	aroF
GTGAAGGGTTTATCAT	–
–	msrB
GAAGATAACGATTTCA	dacA1
TTGTAAGCGCTACCGA	folQ
AAGAAAGGGTTTTCAA	–
AAGAAAGGGTTTTCAA	–
ACTGATAACGCTTCCAA	ldh
ACTGATAACGCTTCCAA	gyrA
–	rnhB
CTTGAAACCGCTTGCT	-
AATGAAAGCGTTTATA	pgmA
–	pgmA
–	pgmA
TAAGATACCGCTTGCA	glgP
TAAGATACCGCTTGCA	malE
CTGCAAGCGGTTGCAT	malR
CTGCAAGCGGTTGCAT	malE
ATCGTAATCGCTTTCA	malX
TTAGAAAACGCTTTCT	bglG
CTAAAAGCGTTTTCTC	–
CATGATAACCCTTACA	nrdH
CATGATAACCCTTACA	ptsH
CAAGAAATCGCTTTCT	–
CAGAAAACTCTTTCTT	ftsA
ATGGAATCGCTTTCTA	–
ATCGTAAGCGCCTCCA	–
GTAAAATCTTTTTCTG	–
–	
–	
–	
TGAGTAATCGCTTACA	arcA
TGAGTAATCGCTTACA	ahrC.2
CTGCAATCGTTTACTT	–
CTGCAATCGTTTACTT	–
CTTGAAGCGCTTACTT	–
CTTGAAGCGCTTACTT	–
–	
GAGAAAAGGATTTCAT	ftsL
AAGTAAGCGTTTTCCT	glpK
–	
CTGTAAGCGATTACTT	–
–	
GTGAAAACGTTTTAAA	–
GTGAAAACGTTTTAAA	manL
AAAGAAAACGTTTTCT	phaB
–	dnaJ
AAAGAAAACACTTGCA	–
–	
–	
TGGGAAAACGTTTCCT	pfl
–	norA
TTTAAAGCTTTTTAA	pgk
ATAAAAGCGTTATCTC	–
AGAGAAACCGGTACCA	salY
TGCGCAAGCGCTTGCA	pulA
GATGCAATCGCTTGCA	–
GTGATAGCGCTATCTT	speB
GTGATAGCGCTATCTT	–
TTGTAATCGTTTACAT	–
–	
GTGAAAGCGTTATCGT	–
ATGTAAGCGTTATCTAA	–
ATGTAAGCGTTATCTAA	hutI
CATGAAAACGCCTCCA	rpsB
–	argR2
ACAGATAACGCTTACT	htrA
