Operon	Regulated Gene	Binding seq.(cis-element)	Experimental evidence
ackA	ackA	TGTAAGCGTTCATCA	Grundy FJ, et al. (1993): DB DP
ackA	ackA	GACTTCTTATTGTAAGCGTTATCAATACGCAAGT	Grundy FJ, et al. (1993): DB DP
acoABCL	acoA	AAAATGTAAGCGTTTGCTTTTTC	Miwa Y, et al. (2000): RG
acoR-sspH	acoR	ATTGTTGAAAGCGCTTTATTTTTCCC	Ali NO, et al. (2001): FT
acsA	acsA	TGAAAGCGTTACCA	Grundy FJ, et al. (1994): DB SDM
acuABC	acuA	TGAAAACGCTTTAT	Grundy FJ, et al. (1994): DB SDM
alsSD	alsS	ND	Renna MC, et al. (1993): DB
amyE	amyE	TAAATGTAAGCGTTAACAAAATTC	Kim JH, et al. (1995): GS FT
Kim JH, et al. (2005): PE FT			
araABDLMNPQ-abfA	araA	CTTTTGTATTTGAAAGCGTTTTATTTTATGAGAA	Inacio JM, et al. (2003): RG NB
araABDLMNPQ-abfA	araB	TCAATGAAAACGATTACAAAGGA	Miwa Y, et al. (2000): RG
araE	araE	TGAAAACGCTTTAC	Inacio JM, et al. (2003): RG NB
bglPH-yxiE	bglP	AAAATGAAAGCGTTGACATCTCACGAATCTAGTGCTAAAGTATACCTACA	Kruger S, et al. (1996): RO DP
licT-bglS	bglS	AGAAAACGCTTTCA	Kruger S, et al. (1993): SDM DB
ykuJK-ykzF-ykuL-ccpC	ccpC	GAAAAAAGAAAGCGCATACATA	Kim HJ, et al. (2002): GS FT
citM-yflN	citM	AAAATGTAAGCGGATTCATTTAA	Miwa Y, et al. (2000): RG
citZ-icd-mdh	citZ	AATGTAAGCATTTTCTTT	Kim HJ, et al. (2002): PE DB RG SDM GS
cydABCD	cydA	CTTTATTTTTGAAATGAATCGTTGTAAAGT	Puri-Taneja A, et al. (2007): RG FT
dctSRP	dctP	TCATAAACTTCCCCAGACTGTATGAAAACGCTATCATTCTAGTAAGAAAG	Miwa Y, et al. (2000): RG
Asai K, et al. (2000): DP RG DB			
deoR-dra-nupC-pdp	dra	GCTTTGAAACCGCATACACAAAA	Miwa Y, et al. (2000): RG
galKT	galT	CGAATGGAAGCGGATACAGATAC	Miwa Y, et al. (2000): RG
glpFK	glpF	GATTGACACCGCTTTCATG	Darbon E, et al. (2002): RG FT
gntRKPZ	gntR	TGATTGAAAGCGGTACCATTTTA	Miwa Y, et al. (1993): SDM S1 HB
Chauvaux S, et al. (1998): DB RG			
Miwa Y, et al. (2000): RG			
Kim JH, et al. (2005): FT			
hut	hutP	GTTAATAGTTATCA	Wray LV Jr, et al. (1994): SDM DP
hut	hutP	TGAAACCGCTTCCA	Wray LV Jr, et al. (1994): SDM DP
ilvBHC-leuABCD	ilvB	TGTACCAATAATGAAAGCGTATACAATATAGATTGATTAATCAAAATTGTCTAA	Tojo S, et al. (2005): FT
Shivers RP, et al. (2005): FT			
kdgRKAT	kdgA	ATTATGGAAGCGCTGACATTCGG	Miwa Y, et al. (2000): RG
lcfA-ysiAB-etfBA	lcfA	AAAATGAAAACGTTATCAATAGT	Miwa Y, et al. (2000): RG
levDEFG-sacC	levD	TGAAAACGCTTAACA	Martin-Verstraete I, et al. (1995): SDM DB
licBCAH	licB	CTGAGTGTTTATGAAAGCGATTTCATAATATGATGATAGCAACAGC	Tobisch S, et al. (1999): RG
Tobisch S, et al. (1997): HM			
malA-yfiA-malP	malA	TGGAATTGTAAACGTTATCAAGGAGGT	Yamamoto H, et al. (2001): RG PE SDM
mmgABCDE-yqiQ	mmgA	TGTAAGCGCTGTCT	Bryan EM, et al. (1996): SDM DB
mmsA-iolBCDEF-idh-iolHI-fbaB	mmsA	TTTTTGAAAGCGTTTAATTCTTGGCTTG	Miwa Y, et al. (2000): DP SDM
mmsA-iolBCDEF-idh-iolHI-fbaB	iolB	GAAATGAAAACGTTGTCATCGTT	Miwa Y, et al. (2000): RG
yxkF-msmX	msmX	TATAAGAAAGCGTTTACAATAAC	Miwa Y, et al. (2000): RG
phoPR	phoP	TTTACTATAAATGAAAGCGCTATCATAAAC	Puri-Taneja A, et al. (2005): DB RG SDM GS FT
pta	pta	TTTTTTATGAAAGCGCTATAATGAAAGTTGGCTGT	Presecan-Siedel E, et al. (1999): FT
pta	pta	ATGCTAGTAAAAGAAAGCGTTTTTGTAACTTTTTGAGGAG	Presecan-Siedel E, et al. (1999): FT
rbsRKDACB	rbsR	AATCTATCTATGTAAACGGTTACATAAACAAGGA	Woodson K, et al. (1994): PE
sigL	sigL	AAAAAATGGAAAACGCTTTCAGTAGAGACGGGAA	Choi SK, et al. (2005): SDM
trePAR	treP	GCTGTGAAAACGCTTGCAGATAT	Miwa Y, et al. (2000): RG
uxaC-yjmBCD-uxuA-yjmF-exuTR-uxaBA	uxaC	CAAATGAAAGCGTTATCAAATGT	Miwa Y, et al. (2000): RG
xylAB	xylA	AACTATTTTGGAAGCGCAAACAAAGTGGTT	Gartner D, et al. (1988): RG
Jacob S, et al. (1991): RG DP			
Kraus A, et al. (1994): SDM DP RG			
Chauvaux S, et al. (1998): DB RG			
Kim JH, et al. (2005): PE FT			
xynPB	xynP	TGTTTTGAAAGCGCTTTTATAAAA	Lindner C, et al. (1994): DB HB HM RG
Galinier A, et al. (1999): DP RG FT			
ydhO	ydhO	GACTTGGAAGCGGTATCATTCCA	Miwa Y, et al. (2000): RG
yobO	yobO	TTAATGTAAGCGGATTCACAGCG	Miwa Y, et al. (2000): RG
yxjC-scoAB-yxjF	yxjC	TTTTTGTAAACGCTTTCTAGTTC	Miwa Y, et al. (2000): RG
yxkJ	yxkJ	CAATTGCAAACGGATACAATTCA	Miwa Y, et al. (2000): RG
gmuBACDREFG	gmuB	ND	Sadaie Y, et al. (2008): DB RG
